level,course_id,id,class,x_px,y_px,u16_3,settings,u16_5
course/A01_1.bin,A01_1,148,Object148,384,464,0,0,0
course/A01_1.bin,A01_1,148,Object148,1552,464,0,0,0
course/A01_1.bin,A01_1,149,Object149,2080,464,0,0,0
course/A01_1.bin,A01_1,149,Object149,2224,400,0,1,0
course/A01_1.bin,A01_1,32,,4032,448,0,0,0
course/A01_1.bin,A01_1,264,Object264,1376,256,0,0,0
course/A01_1.bin,A01_1,155,Object155,2192,80,0,64,33
course/A01_1.bin,A01_1,235,Object235,1952,336,0,0,0
course/A01_1.bin,A01_1,235,Object235,2928,448,0,528,0
course/A01_1.bin,A01_1,148,Object148,3056,416,0,0,0
course/A01_1.bin,A01_1,148,Object148,2944,416,0,0,0
course/A01_1.bin,A01_1,149,Object149,3696,400,0,1,0
course/A01_1.bin,A01_1,149,Object149,3504,464,0,0,0
course/A01_1.bin,A01_1,148,Object148,3280,464,0,0,0
course/A01_1.bin,A01_1,148,Object148,3536,464,0,0,0
course/A01_1.bin,A01_1,148,Object148,2640,464,0,0,0
course/A01_1.bin,A01_1,148,Object148,992,464,0,0,0
course/A01_1.bin,A01_1,148,Object148,2192,464,0,0,0
course/A01_1.bin,A01_1,117,Object117,256,416,0,1,0
course/A01_1.bin,A01_1,132,Object132,2448,368,0,0,0
course/A01_1.bin,A01_1,148,Object148,1168,464,0,0,0
course/A01_1.bin,A01_1,45,Object45,3808,416,0,4384,0
course/A01_1.bin,A01_1,45,Object45,3824,400,0,4368,1
course/A01_1.bin,A01_1,45,Object45,3840,384,0,320,0
course/A01_1.bin,A01_1,45,Object45,3856,368,0,4384,1
course/A01_1.bin,A01_1,45,Object45,3872,368,0,4384,0
course/A01_1.bin,A01_1,117,Object117,2720,416,0,17,0
course/A01_1.bin,A01_1,198,Object198,1792,320,0,0,4096
course/A01_1.bin,A01_1,199,Object199,2048,320,0,0,4096
course/A01_2.bin,A01_2,34,,176,368,23,0,0
course/A01_2.bin,A01_2,106,FireSnake,256,384,23,0,0
course/A01_2.bin,A01_2,106,FireSnake,304,352,23,0,0
course/A01_2.bin,A01_2,106,FireSnake,320,352,23,0,0
course/A01_2.bin,A01_2,106,FireSnake,448,336,23,0,0
course/A01_2.bin,A01_2,106,FireSnake,464,336,23,0,0
course/A01_2.bin,A01_2,106,FireSnake,368,384,23,0,0
course/A01_2.bin,A01_2,106,FireSnake,528,320,23,0,0
course/A01_2.bin,A01_2,106,FireSnake,608,304,23,0,0
course/A01_2.bin,A01_2,155,Object155,736,496,0,2561,4112
course/A01_2.bin,A01_2,323,Object323,0,432,0,13,0
course/A01_2.bin,A01_2,323,Object323,416,384,0,1,0
course/A01_2.bin,A01_2,323,Object323,496,352,0,0,0
course/A01_2.bin,A01_2,323,Object323,848,432,0,2,0
course/A01_2.bin,A01_2,323,Object323,544,432,0,6,0
course/A01_2.bin,A01_2,155,Object155,352,496,0,3335,4112
course/A01_2.bin,A01_2,315,Object315,32,272,0,34880,250
course/A01_2.bin,A01_2,315,Object315,48,272,0,34880,240
course/A01_3.bin,A01_3,148,Object148,160,208,0,0,0
course/A01_3.bin,A01_3,148,Object148,384,192,0,0,0
course/A01_3.bin,A01_3,148,Object148,432,176,0,0,0
course/A01_3.bin,A01_3,235,Object235,432,64,0,256,0
course/A02_1.bin,A02_1,148,Object148,752,448,0,0,0
course/A02_1.bin,A02_1,235,Object235,1088,320,0,0,0
course/A02_1.bin,A02_1,149,Object149,1280,464,0,0,0
course/A02_1.bin,A02_1,148,Object148,1136,464,0,0,0
course/A02_1.bin,A02_1,148,Object148,1120,464,0,0,0
course/A02_1.bin,A02_1,148,Object148,1408,464,0,0,0
course/A02_1.bin,A02_1,148,Object148,1392,464,0,0,0
course/A02_1.bin,A02_1,149,Object149,1648,464,0,0,0
course/A02_1.bin,A02_1,148,Object148,1792,384,0,0,0
course/A02_1.bin,A02_1,235,Object235,2032,432,0,256,0
course/A02_1.bin,A02_1,149,Object149,1984,464,0,0,0
course/A02_1.bin,A02_1,23,Object23,2672,448,0,0,0
course/A02_1.bin,A02_1,148,Object148,2864,464,0,0,0
course/A02_1.bin,A02_1,23,Object23,2880,416,0,0,0
course/A02_1.bin,A02_1,149,Object149,3088,368,0,0,0
course/A02_1.bin,A02_1,149,Object149,3456,448,0,0,0
course/A02_1.bin,A02_1,148,Object148,3568,464,0,0,0
course/A02_1.bin,A02_1,148,Object148,3584,464,0,0,0
course/A02_1.bin,A02_1,235,Object235,4624,432,0,529,0
course/A02_1.bin,A02_1,276,Object276,4240,480,0,160,0
course/A02_1.bin,A02_1,75,Object75,2144,432,0,0,0
course/A02_1.bin,A02_1,75,Object75,3664,432,0,0,0
course/A02_1.bin,A02_1,149,Object149,3936,368,0,0,0
course/A02_1.bin,A02_1,117,Object117,192,384,0,8192,0
course/A02_1.bin,A02_1,132,Object132,2576,384,0,0,0
course/A02_1.bin,A02_1,198,Object198,0,464,0,4108,0
course/A02_1.bin,A02_1,199,Object199,432,464,0,4108,0
course/A02_1.bin,A02_1,195,Object195,976,464,0,4108,0
course/A02_1.bin,A02_1,196,Object196,4672,464,0,4108,0
course/A02_1.bin,A02_1,199,Object199,960,304,0,260,4096
course/A02_1.bin,A02_1,33,,832,576,0,0,0
course/A02_1.bin,A02_1,198,Object198,480,464,0,4620,0
course/A02_1.bin,A02_1,199,Object199,800,464,0,4620,0
course/A02_1.bin,A02_1,198,Object198,864,464,0,4108,0
course/A02_1.bin,A02_1,199,Object199,960,464,0,4108,0
course/A02_1.bin,A02_1,198,Object198,496,480,0,4112,4096
course/A02_1.bin,A02_1,199,Object199,688,480,0,4112,4096
course/A02_1.bin,A02_1,198,Object198,0,304,0,260,4096
course/A02_1.bin,A02_1,148,Object148,2416,352,0,3,0
course/A02_1.bin,A02_1,117,Object117,2560,416,0,16,16
course/A02_2.bin,A02_2,32,,528,208,0,0,0
course/A02_2.bin,A02_2,32,,1344,208,0,0,4096
course/A02_2.bin,A02_2,45,Object45,304,176,0,4384,0
course/A02_2.bin,A02_2,45,Object45,320,160,0,4368,1
course/A02_2.bin,A02_2,45,Object45,336,144,0,320,0
course/A02_2.bin,A02_2,45,Object45,352,128,0,4384,1
course/A02_2.bin,A02_2,45,Object45,368,128,0,4384,0
course/A02_3.bin,A02_3,149,Object149,80,416,0,1,0
course/A02_3.bin,A02_3,276,Object276,240,464,0,512,0
course/A02_3.bin,A02_3,148,Object148,464,352,0,0,0
course/A02_3.bin,A02_3,148,Object148,496,352,0,0,0
course/A02_3.bin,A02_3,148,Object148,528,352,0,0,0
course/A02_3.bin,A02_3,148,Object148,560,352,0,0,0
course/A02_3.bin,A02_3,148,Object148,592,352,0,0,0
course/A02_3.bin,A02_3,148,Object148,432,416,0,0,0
course/A02_3.bin,A02_3,148,Object148,464,416,0,0,0
course/A02_3.bin,A02_3,148,Object148,496,416,0,0,0
course/A02_3.bin,A02_3,148,Object148,528,416,0,0,0
course/A02_3.bin,A02_3,148,Object148,560,416,0,0,0
course/A02_3.bin,A02_3,148,Object148,592,416,0,0,0
course/A02_3.bin,A02_3,148,Object148,624,416,0,0,0
course/A02_3.bin,A02_3,148,Object148,608,352,0,0,0
course/A02_3.bin,A02_3,148,Object148,640,416,0,0,0
course/A02_3.bin,A02_3,198,Object198,0,320,0,8,4096
course/A02_3.bin,A02_3,199,Object199,224,320,0,8,4096
course/A02_3.bin,A02_3,198,Object198,272,320,0,8,4096
course/A02_3.bin,A02_3,199,Object199,752,320,0,8,4096
course/A02_3.bin,A02_3,276,Object276,256,496,0,513,0
course/A03_1.bin,A03_1,162,Object162,3792,896,0,13059,2
course/A03_1.bin,A03_1,198,Object198,0,816,0,0,4096
course/A03_1.bin,A03_1,235,Object235,1056,288,0,16,0
course/A03_1.bin,A03_1,162,Object162,1008,944,0,12547,7
course/A03_1.bin,A03_1,162,Object162,1632,928,0,4355,39
course/A03_1.bin,A03_1,162,Object162,1488,880,0,12547,39
course/A03_1.bin,A03_1,162,Object162,2208,880,0,8451,39
course/A03_1.bin,A03_1,162,Object162,2352,944,0,4101,39
course/A03_1.bin,A03_1,162,Object162,2464,912,0,4355,39
course/A03_1.bin,A03_1,235,Object235,1760,816,0,272,0
course/A03_1.bin,A03_1,162,Object162,2976,944,0,3,39
course/A03_1.bin,A03_1,162,Object162,3056,928,0,3,39
course/A03_1.bin,A03_1,162,Object162,3152,896,0,3,39
course/A03_1.bin,A03_1,162,Object162,3264,944,0,3,39
course/A03_1.bin,A03_1,162,Object162,3392,944,0,8195,39
course/A03_1.bin,A03_1,162,Object162,3616,880,0,515,1
course/A03_1.bin,A03_1,162,Object162,240,896,0,4611,0
course/A03_1.bin,A03_1,162,Object162,1360,928,0,515,0
course/A03_1.bin,A03_1,32,,3984,960,0,0,0
course/A03_1.bin,A03_1,235,Object235,2528,816,0,512,0
course/A03_1.bin,A03_1,149,Object149,2880,912,0,0,0
course/A03_1.bin,A03_1,149,Object149,3584,944,0,1,0
course/A03_1.bin,A03_1,106,FireSnake,3392,864,23,0,0
course/A03_1.bin,A03_1,106,FireSnake,3024,880,23,0,0
course/A03_1.bin,A03_1,106,FireSnake,3088,848,23,0,0
course/A03_1.bin,A03_1,106,FireSnake,3104,848,23,0,0
course/A03_1.bin,A03_1,106,FireSnake,3200,864,23,0,0
course/A03_1.bin,A03_1,106,FireSnake,3216,864,23,0,0
course/A03_1.bin,A03_1,106,FireSnake,3248,960,23,0,0
course/A03_1.bin,A03_1,106,FireSnake,3296,960,23,0,0
course/A03_1.bin,A03_1,34,,2944,880,23,0,0
course/A03_1.bin,A03_1,95,Object95,704,928,0,0,0
course/A03_1.bin,A03_1,162,Object162,384,912,0,4611,0
course/A03_1.bin,A03_1,149,Object149,1936,864,0,0,0
course/A03_1.bin,A03_1,162,Object162,2592,912,0,4355,39
course/A03_1.bin,A03_1,132,Object132,1872,640,0,0,0
course/A03_1.bin,A03_1,149,Object149,2112,928,0,1,0
course/A03_1.bin,A03_1,117,Object117,208,848,0,1,0
course/A03_1.bin,A03_1,244,Object244,1072,512,0,0,0
course/A03_1.bin,A03_1,57,Object57,704,704,0,0,0
course/A03_1.bin,A03_1,57,Object57,704,736,0,0,0
course/A03_1.bin,A03_1,57,Object57,704,768,0,0,0
course/A03_1.bin,A03_1,57,Object57,704,800,0,0,0
course/A03_1.bin,A03_1,57,Object57,704,832,0,0,0
course/A03_1.bin,A03_1,57,Object57,704,864,0,0,0
course/A03_1.bin,A03_1,149,Object149,496,960,0,1,0
course/A03_1.bin,A03_1,95,Object95,976,736,0,0,0
course/A03_1.bin,A03_1,117,Object117,1872,912,0,17,0
course/A03_1.bin,A03_1,148,Object148,816,960,0,0,0
course/A03_1.bin,A03_1,148,Object148,832,960,0,0,0
course/A03_1.bin,A03_1,148,Object148,896,960,0,0,0
course/A03_1.bin,A03_1,148,Object148,912,960,0,0,0
course/A04_1.bin,A04_1,148,Object148,880,416,0,0,0
course/A04_1.bin,A04_1,148,Object148,912,416,0,0,0
course/A04_1.bin,A04_1,149,Object149,688,384,0,0,0
course/A04_1.bin,A04_1,150,Object150,1360,384,0,0,0
course/A04_1.bin,A04_1,287,,1536,352,0,3,0
course/A04_1.bin,A04_1,149,Object149,2000,368,0,1,0
course/A04_1.bin,A04_1,149,Object149,496,368,0,0,0
course/A04_1.bin,A04_1,148,Object148,224,432,0,0,0
course/A04_1.bin,A04_1,148,Object148,256,448,0,0,0
course/A04_1.bin,A04_1,148,Object148,304,448,0,0,0
course/A04_1.bin,A04_1,287,,2288,336,0,1,0
course/A04_1.bin,A04_1,287,,3376,352,0,2,0
course/A04_1.bin,A04_1,148,Object148,3296,416,0,0,0
course/A04_1.bin,A04_1,148,Object148,3200,432,0,0,0
course/A04_1.bin,A04_1,32,,3600,448,0,0,0
course/A04_1.bin,A04_1,235,Object235,2864,400,0,512,0
course/A04_1.bin,A04_1,148,Object148,2832,336,0,0,0
course/A04_1.bin,A04_1,148,Object148,2864,336,0,0,0
course/A04_1.bin,A04_1,117,Object117,416,384,0,1,0
course/A04_1.bin,A04_1,132,Object132,2336,400,0,0,0
course/A04_1.bin,A04_1,117,Object117,2704,336,0,17,0
course/A04_1.bin,A04_1,280,Object280,3056,304,0,49176,255
course/A04_1.bin,A04_1,45,Object45,2192,400,0,288,0
course/A04_1.bin,A04_1,45,Object45,2176,416,0,304,0
course/A04_1.bin,A04_1,45,Object45,2000,384,0,0,0
course/A04_1.bin,A04_1,280,Object280,3056,112,0,49176,255
course/A04_1.bin,A04_1,45,Object45,2080,352,0,0,0
course/A04_1.bin,A04_1,45,Object45,2064,352,0,0,0
course/A04_2.bin,A04_2,235,Object235,32,320,0,272,0
course/A04_2.bin,A04_2,88,Object88,448,416,0,0,0
course/A04_3.bin,A04_3,231,Object231,0,224,0,0,20
course/A04_3.bin,A04_3,235,Object235,272,80,0,0,0
course/A04_3.bin,A04_3,276,Object276,240,160,0,256,0
course/A04_3.bin,A04_3,276,Object276,256,160,0,257,0
course/A05_1.bin,A05_1,244,Object244,240,736,0,288,0
course/A05_1.bin,A05_1,244,Object244,336,736,0,4128,0
course/A05_1.bin,A05_1,244,Object244,1056,736,0,288,0
course/A05_1.bin,A05_1,244,Object244,1152,736,0,4384,0
course/A05_1.bin,A05_1,244,Object244,1248,736,0,4384,0
course/A05_1.bin,A05_1,244,Object244,1344,736,0,4384,0
course/A05_1.bin,A05_1,244,Object244,1440,736,0,4384,0
course/A05_1.bin,A05_1,244,Object244,1536,736,0,4384,0
course/A05_1.bin,A05_1,244,Object244,1632,736,0,4384,0
course/A05_1.bin,A05_1,244,Object244,5136,672,0,32,0
course/A05_1.bin,A05_1,244,Object244,5216,736,0,32,0
course/A05_1.bin,A05_1,244,Object244,5952,640,0,32,0
course/A05_1.bin,A05_1,244,Object244,1168,672,0,0,0
course/A05_1.bin,A05_1,244,Object244,1360,672,0,0,0
course/A05_1.bin,A05_1,244,Object244,1472,640,0,0,0
course/A05_1.bin,A05_1,244,Object244,1584,672,0,0,0
course/A05_1.bin,A05_1,235,Object235,624,576,0,1,0
course/A05_1.bin,A05_1,149,Object149,1312,720,0,0,0
course/A05_1.bin,A05_1,244,Object244,1728,736,0,4384,0
course/A05_1.bin,A05_1,244,Object244,1824,736,0,4128,0
course/A05_1.bin,A05_1,244,Object244,1936,736,0,32,0
course/A05_1.bin,A05_1,244,Object244,2064,736,0,288,0
course/A05_1.bin,A05_1,32,,6160,720,0,0,0
course/A05_1.bin,A05_1,149,Object149,1600,720,0,0,0
course/A05_1.bin,A05_1,149,Object149,1392,720,0,0,0
course/A05_1.bin,A05_1,244,Object244,2160,736,0,4128,0
course/A05_1.bin,A05_1,149,Object149,1760,720,0,0,0
course/A05_1.bin,A05_1,149,Object149,1248,720,0,0,0
course/A05_1.bin,A05_1,149,Object149,1120,720,0,1,0
course/A05_1.bin,A05_1,149,Object149,2080,720,0,1,0
course/A05_1.bin,A05_1,76,Object76,2544,608,0,870,0
course/A05_1.bin,A05_1,76,Object76,2960,592,0,1126,0
course/A05_1.bin,A05_1,76,Object76,3136,656,0,582,0
course/A05_1.bin,A05_1,244,Object244,3664,736,0,288,0
course/A05_1.bin,A05_1,244,Object244,3760,736,0,4384,0
course/A05_1.bin,A05_1,244,Object244,3856,736,0,4384,0
course/A05_1.bin,A05_1,244,Object244,4208,736,0,4384,0
course/A05_1.bin,A05_1,244,Object244,4304,736,0,4384,0
course/A05_1.bin,A05_1,244,Object244,4400,736,0,4384,0
course/A05_1.bin,A05_1,244,Object244,4256,640,0,256,0
course/A05_1.bin,A05_1,244,Object244,4384,656,0,4096,0
course/A05_1.bin,A05_1,244,Object244,4496,736,0,4384,0
course/A05_1.bin,A05_1,244,Object244,4624,736,0,4384,0
course/A05_1.bin,A05_1,244,Object244,4864,736,0,4384,0
course/A05_1.bin,A05_1,244,Object244,4752,656,0,32,0
course/A05_1.bin,A05_1,149,Object149,1584,720,0,0,0
course/A05_1.bin,A05_1,149,Object149,1408,720,0,0,0
course/A05_1.bin,A05_1,149,Object149,4544,720,0,0,0
course/A05_1.bin,A05_1,244,Object244,4976,736,0,4128,0
course/A05_1.bin,A05_1,150,Object150,3504,672,0,32,0
course/A05_1.bin,A05_1,150,Object150,3600,688,0,32,0
course/A05_1.bin,A05_1,57,Object57,2528,656,0,0,0
course/A05_1.bin,A05_1,57,Object57,2544,656,0,0,0
course/A05_1.bin,A05_1,57,Object57,2944,672,0,0,0
course/A05_1.bin,A05_1,57,Object57,2960,672,0,0,0
course/A05_1.bin,A05_1,235,Object235,2672,592,0,272,0
course/A05_1.bin,A05_1,34,,4160,672,23,0,0
course/A05_1.bin,A05_1,106,FireSnake,4240,592,23,0,0
course/A05_1.bin,A05_1,106,FireSnake,4272,576,23,0,0
course/A05_1.bin,A05_1,106,FireSnake,4368,576,23,0,0
course/A05_1.bin,A05_1,106,FireSnake,4400,592,23,0,0
course/A05_1.bin,A05_1,106,FireSnake,4224,688,23,0,0
course/A05_1.bin,A05_1,106,FireSnake,4352,704,23,0,0
course/A05_1.bin,A05_1,106,FireSnake,4320,640,23,0,0
course/A05_1.bin,A05_1,106,FireSnake,4288,704,23,0,0
course/A05_1.bin,A05_1,244,Object244,4112,736,0,4384,0
course/A05_1.bin,A05_1,244,Object244,3984,704,0,4384,0
course/A05_1.bin,A05_1,244,Object244,4720,736,0,4384,0
course/A05_1.bin,A05_1,244,Object244,5056,640,0,32,0
course/A05_1.bin,A05_1,244,Object244,5312,672,0,32,0
course/A05_1.bin,A05_1,244,Object244,5456,656,0,32,0
course/A05_1.bin,A05_1,244,Object244,5824,608,0,32,0
course/A05_1.bin,A05_1,244,Object244,5648,704,0,4384,0
course/A05_1.bin,A05_1,244,Object244,5776,672,0,32,0
course/A05_1.bin,A05_1,244,Object244,4928,672,0,4096,0
course/A05_1.bin,A05_1,244,Object244,5408,720,0,4128,0
course/A05_1.bin,A05_1,244,Object244,5520,720,0,4128,0
course/A05_1.bin,A05_1,150,Object150,4816,672,0,32,0
course/A05_1.bin,A05_1,244,Object244,432,736,0,4128,0
course/A05_1.bin,A05_1,148,Object148,5824,592,0,0,0
course/A05_1.bin,A05_1,148,Object148,4400,640,0,0,0
course/A05_1.bin,A05_1,132,Object132,3456,672,0,0,0
course/A05_1.bin,A05_1,117,Object117,240,656,0,1,0
course/A05_1.bin,A05_1,244,Object244,528,736,0,4128,0
course/A05_1.bin,A05_1,244,Object244,624,736,0,4128,0
course/A05_1.bin,A05_1,149,Object149,992,688,0,1,0
course/A05_1.bin,A05_1,244,Object244,720,736,0,4128,0
course/A05_1.bin,A05_1,117,Object117,3568,608,0,17,0
course/A05_1.bin,A05_1,244,Object244,816,736,0,4128,0
course/A05_2.bin,A05_2,244,Object244,320,448,0,32,0
course/A05_2.bin,A05_2,244,Object244,416,448,0,32,0
course/A05_2.bin,A05_2,244,Object244,512,448,0,32,0
course/A05_2.bin,A05_2,244,Object244,608,448,0,32,0
course/A05_2.bin,A05_2,244,Object244,704,448,0,32,0
course/A05_2.bin,A05_2,244,Object244,832,448,0,32,0
course/A05_2.bin,A05_2,244,Object244,928,448,0,32,0
course/A05_2.bin,A05_2,244,Object244,1024,448,0,32,0
course/A05_2.bin,A05_2,244,Object244,1120,448,0,32,0
course/A05_2.bin,A05_2,244,Object244,1248,448,0,32,0
course/A05_2.bin,A05_2,244,Object244,1344,448,0,32,0
course/A05_2.bin,A05_2,244,Object244,1440,448,0,32,0
course/A05_2.bin,A05_2,174,Object174,400,384,0,263,1060
course/A05_2.bin,A05_2,57,Object57,1344,288,0,0,0
course/A05_2.bin,A05_2,57,Object57,1440,288,0,0,0
course/A05_2.bin,A05_2,57,Object57,1360,272,0,0,0
course/A05_2.bin,A05_2,57,Object57,1376,272,0,0,0
course/A05_2.bin,A05_2,57,Object57,1392,272,0,0,0
course/A05_2.bin,A05_2,57,Object57,1408,272,0,0,0
course/A05_2.bin,A05_2,57,Object57,1424,272,0,0,0
course/A05_2.bin,A05_2,57,Object57,1328,304,0,0,0
course/A05_2.bin,A05_2,57,Object57,1328,320,0,0,0
course/A05_2.bin,A05_2,57,Object57,1344,320,0,0,0
course/A05_2.bin,A05_2,57,Object57,1456,304,0,0,0
course/A05_2.bin,A05_2,57,Object57,1456,320,0,0,0
course/A05_2.bin,A05_2,57,Object57,1440,320,0,0,0
course/A05_2.bin,A05_2,57,Object57,1360,336,0,0,0
course/A05_2.bin,A05_2,57,Object57,1376,336,0,0,0
course/A05_2.bin,A05_2,57,Object57,1392,336,0,0,0
course/A05_2.bin,A05_2,57,Object57,1408,336,0,0,0
course/A05_2.bin,A05_2,57,Object57,1424,336,0,0,0
course/A05_2.bin,A05_2,57,Object57,1360,352,0,0,0
course/A05_2.bin,A05_2,57,Object57,1424,352,0,0,0
course/A05_2.bin,A05_2,57,Object57,1376,368,0,0,0
course/A05_2.bin,A05_2,57,Object57,1392,368,0,0,0
course/A05_2.bin,A05_2,57,Object57,1408,368,0,0,0
course/A05_2.bin,A05_2,235,Object235,1376,288,0,529,0
course/A05_2.bin,A05_2,155,Object155,1280,496,0,3860,4112
course/A05_2.bin,A05_2,155,Object155,1024,496,0,3860,4112
course/A05_2.bin,A05_2,155,Object155,512,496,0,3860,4112
course/A05_2.bin,A05_2,155,Object155,1536,496,0,3860,4112
course/A05_2.bin,A05_2,155,Object155,256,496,0,3860,4112
course/A05_2.bin,A05_2,155,Object155,768,496,0,3860,4112
course/A05_2.bin,A05_2,244,Object244,1536,448,0,32,0
course/A05_2.bin,A05_2,315,Object315,256,448,0,34880,250
course/A05_2.bin,A05_2,315,Object315,272,448,0,34880,240
course/A06_1.bin,A06_1,32,,528,192,0,0,0
course/A06_1.bin,A06_1,231,Object231,1024,224,0,0,20
course/A06_1.bin,A06_1,117,Object117,1168,112,0,8192,0
course/A06_1.bin,A06_1,231,Object231,1536,224,0,0,20
course/A06_1.bin,A06_1,235,Object235,1648,64,0,256,0
course/A06_1.bin,A06_1,231,Object231,32,240,0,0,20
course/A06_2.bin,A06_2,96,Object96,512,480,0,0,0
course/A06_2.bin,A06_2,96,Object96,2528,480,0,0,0
course/A06_2.bin,A06_2,93,Object93,144,480,0,1,0
course/A06_2.bin,A06_2,247,Object247,768,384,0,256,0
course/A06_2.bin,A06_2,57,Object57,480,368,0,514,0
course/A06_2.bin,A06_2,57,Object57,816,384,0,513,0
course/A06_2.bin,A06_2,57,Object57,704,352,0,514,0
course/A06_2.bin,A06_2,57,Object57,1664,336,0,513,0
course/A06_2.bin,A06_2,57,Object57,1872,304,0,513,0
course/A06_2.bin,A06_2,57,Object57,4352,368,0,513,0
course/A06_2.bin,A06_2,57,Object57,4304,384,0,513,0
course/A06_2.bin,A06_2,57,Object57,4368,320,0,513,0
course/A06_2.bin,A06_2,48,Object47,3088,480,0,0,0
course/A06_2.bin,A06_2,48,Object47,3120,496,0,0,0
course/A06_2.bin,A06_2,48,Object47,3312,496,0,0,0
course/A06_2.bin,A06_2,48,Object47,3344,480,0,0,0
course/A06_2.bin,A06_2,48,Object47,3600,496,0,0,0
course/A06_2.bin,A06_2,235,Object235,1808,336,0,0,0
course/A06_2.bin,A06_2,218,Object218,368,416,0,256,2
course/A06_2.bin,A06_2,235,Object235,4016,336,0,512,0
course/A06_2.bin,A06_2,31,,304,352,0,0,0
course/A06_2.bin,A06_2,31,,176,464,0,0,0
course/A06_2.bin,A06_2,31,,384,400,0,0,0
course/A06_2.bin,A06_2,247,Object247,3248,368,0,512,0
course/A06_2.bin,A06_2,66,,1104,368,0,1,0
course/A06_2.bin,A06_2,66,,3488,352,0,1,0
course/A06_2.bin,A06_2,34,,2704,368,17,0,0
course/A06_2.bin,A06_2,106,FireSnake,2864,464,17,0,0
course/A06_2.bin,A06_2,106,FireSnake,2976,352,17,0,0
course/A06_2.bin,A06_2,106,FireSnake,2944,352,17,0,0
course/A06_2.bin,A06_2,106,FireSnake,3008,352,17,0,0
course/A06_2.bin,A06_2,106,FireSnake,3040,480,17,0,0
course/A06_2.bin,A06_2,106,FireSnake,2896,464,17,0,0
course/A06_2.bin,A06_2,106,FireSnake,2784,400,17,0,0
course/A06_2.bin,A06_2,106,FireSnake,2816,400,17,0,0
course/A06_2.bin,A06_2,67,Object67,2752,368,0,3,0
course/A06_2.bin,A06_2,67,Object67,3184,416,0,3,0
course/A06_2.bin,A06_2,57,Object57,1888,368,0,513,0
course/A06_2.bin,A06_2,57,Object57,1600,384,0,513,0
course/A06_2.bin,A06_2,57,Object57,1856,336,0,513,0
course/A06_2.bin,A06_2,67,Object67,2928,368,0,3,0
course/A06_2.bin,A06_2,67,Object67,3056,384,0,3,0
course/A06_2.bin,A06_2,268,Object268,1280,368,0,0,0
course/A06_2.bin,A06_2,268,Object268,1408,400,0,0,0
course/A06_2.bin,A06_2,268,Object268,1472,352,0,0,0
course/A06_2.bin,A06_2,268,Object268,1184,480,0,0,0
course/A06_2.bin,A06_2,268,Object268,1360,480,0,0,0
course/A06_2.bin,A06_2,268,Object268,1504,480,0,0,0
course/A06_2.bin,A06_2,31,,2176,352,0,0,0
course/A06_2.bin,A06_2,31,,2432,432,0,0,0
course/A06_2.bin,A06_2,31,,2416,368,0,0,0
course/A06_2.bin,A06_2,96,Object96,4128,480,0,0,0
course/A06_2.bin,A06_2,57,Object57,4304,352,0,513,0
course/A06_2.bin,A06_2,57,Object57,4352,320,0,513,0
course/A06_2.bin,A06_2,316,,0,256,0,43554,45066
course/A06_2.bin,A06_2,317,Object317,16,256,0,26146,0
course/A06_2.bin,A06_2,49,Object49,3760,352,0,0,0
course/A06_2.bin,A06_2,218,Object218,2352,416,0,0,256
course/A06_2.bin,A06_2,117,Object117,2640,384,0,16,0
course/A06_2.bin,A06_2,132,Object132,2384,400,0,0,0
course/A06_2.bin,A06_2,228,Object228,2416,416,0,0,0
course/A07_1.bin,A07_1,298,,320,2448,0,49751,91
course/A07_1.bin,A07_1,298,,208,2224,0,12583,4119
course/A07_1.bin,A07_1,298,,432,2224,0,45351,4209
course/A07_1.bin,A07_1,298,,256,2128,0,45605,4211
course/A07_1.bin,A07_1,298,,352,2128,0,12841,4151
course/A07_1.bin,A07_1,298,,256,2064,0,45592,4134
course/A07_1.bin,A07_1,298,,400,2064,0,12822,4194
course/A07_1.bin,A07_1,298,,256,2000,0,45595,4148
course/A07_1.bin,A07_1,298,,448,2000,0,12819,4148
course/A07_1.bin,A07_1,298,,256,1936,0,45588,4134
course/A07_1.bin,A07_1,298,,336,1936,0,12826,4194
course/A07_1.bin,A07_1,298,,768,2528,0,37649,16
course/A07_1.bin,A07_1,298,,800,2528,0,4882,4098
course/A07_1.bin,A07_1,298,,864,2512,0,37665,0
course/A07_1.bin,A07_1,298,,912,2544,0,37649,4128
course/A07_1.bin,A07_1,298,,944,2544,0,4881,4113
course/A07_1.bin,A07_1,298,,992,2512,0,37665,1
course/A07_1.bin,A07_1,298,,752,2432,0,37665,0
course/A07_1.bin,A07_1,298,,752,2400,0,4881,4112
course/A07_1.bin,A07_1,298,,768,2352,0,37649,16
course/A07_1.bin,A07_1,298,,800,2368,0,4882,4097
course/A07_1.bin,A07_1,298,,864,2368,0,4881,2
course/A07_1.bin,A07_1,298,,896,2352,0,37665,0
course/A07_1.bin,A07_1,298,,928,2368,0,4881,4112
course/A07_1.bin,A07_1,298,,976,2368,0,4881,1
course/A07_1.bin,A07_1,298,,1008,2352,0,37665,16
course/A07_1.bin,A07_1,298,,1008,2448,0,37137,4128
course/A07_1.bin,A07_1,298,,992,2480,0,4881,4128
course/A07_1.bin,A07_1,298,,320,1792,0,37399,79
course/A07_1.bin,A07_1,298,,320,1728,0,12849,210
course/A07_1.bin,A07_1,298,,352,1728,0,12849,195
course/A07_1.bin,A07_1,298,,384,1728,0,12849,180
course/A07_1.bin,A07_1,298,,416,1728,0,12849,165
course/A07_1.bin,A07_1,298,,320,1680,0,12839,15
course/A07_1.bin,A07_1,298,,432,1392,0,4885,20553
course/A07_1.bin,A07_1,298,,400,1424,0,13079,20566
course/A07_1.bin,A07_1,298,,368,1456,0,21273,20579
course/A07_1.bin,A07_1,298,,336,1488,0,29467,20592
course/A07_1.bin,A07_1,53,Object53,416,1648,0,0,0
course/A07_1.bin,A07_1,298,,432,896,0,17173,4142
course/A07_1.bin,A07_1,298,,384,896,0,49938,4322
course/A07_1.bin,A07_1,298,,432,928,0,17173,4217
course/A07_1.bin,A07_1,298,,384,928,0,49938,4247
course/A07_1.bin,A07_1,298,,432,960,0,17173,4292
course/A07_1.bin,A07_1,298,,384,960,0,49938,4172
course/A07_1.bin,A07_1,298,,448,1088,0,12835,4138
course/A07_1.bin,A07_1,298,,448,1136,0,12835,4183
course/A07_1.bin,A07_1,298,,448,1184,0,12835,4228
course/A07_1.bin,A07_1,298,,448,1232,0,12835,4273
course/A07_1.bin,A07_1,298,,352,1088,0,4882,5120
course/A07_1.bin,A07_1,298,,368,1120,0,37650,5120
course/A07_1.bin,A07_1,298,,352,1152,0,4882,5120
course/A07_1.bin,A07_1,298,,368,1184,0,37650,5120
course/A07_1.bin,A07_1,298,,352,1216,0,4882,5120
course/A07_1.bin,A07_1,298,,368,1248,0,37650,5120
course/A07_1.bin,A07_1,189,Object189,272,1360,0,4,0
course/A07_1.bin,A07_1,189,Object189,368,704,0,4,0
course/A07_1.bin,A07_1,53,Object53,448,1920,0,0,0
course/A07_1.bin,A07_1,235,Object235,416,1008,0,512,0
course/A07_1.bin,A07_1,235,Object235,464,1584,0,0,0
course/A07_1.bin,A07_1,235,Object235,912,2416,0,256,0
course/A07_1.bin,A07_1,155,Object155,1024,2400,0,39,0
course/A07_1.bin,A07_1,117,Object117,384,2304,0,4096,0
course/A07_1.bin,A07_1,131,Object131,352,1248,0,0,0
course/A07_1.bin,A07_1,298,,288,288,0,13058,4232
course/A07_1.bin,A07_1,298,,208,304,0,13095,4232
course/A07_1.bin,A07_1,298,,208,352,0,13127,4232
course/A07_1.bin,A07_1,298,,208,432,0,13191,4232
course/A07_1.bin,A07_1,298,,432,288,0,45826,4232
course/A07_1.bin,A07_1,298,,432,304,0,45863,4232
course/A07_1.bin,A07_1,298,,432,352,0,45895,4232
course/A07_1.bin,A07_1,298,,432,432,0,45959,4232
course/A07_1.bin,A07_1,298,,480,240,0,45873,4232
course/A07_1.bin,A07_1,298,,256,240,0,13105,4232
course/A07_1.bin,A07_1,298,,544,240,0,45873,4232
course/A07_1.bin,A07_1,298,,192,240,0,13105,4232
course/A07_1.bin,A07_1,193,Object193,240,272,0,0,0
course/A07_1.bin,A07_1,193,Object193,512,272,0,0,0
course/A07_1.bin,A07_1,53,Object53,432,2368,0,0,0
course/A07_1.bin,A07_1,117,Object117,320,816,0,8208,0
course/A07_2.bin,A07_2,220,Object220,432,480,0,32,0
course/A07_3.bin,A07_3,32,,784,464,0,0,4096
course/A08_1.bin,A08_1,142,Object142,592,448,0,0,37120
course/A08_1.bin,A08_1,234,Object234,272,480,0,0,31
course/A08_1.bin,A08_1,298,,880,400,0,49526,53
course/A08_1.bin,A08_1,298,,1104,400,0,49524,53
course/A08_1.bin,A08_1,54,Object54,1200,416,0,0,0
course/A08_1.bin,A08_1,298,,1232,464,0,16755,53
course/A08_1.bin,A08_1,54,Object54,1312,416,0,0,0
course/A08_1.bin,A08_1,298,,1344,400,0,49523,53
course/A08_1.bin,A08_1,298,,1632,192,0,57733,595
course/A08_1.bin,A08_1,53,Object53,1600,448,0,0,0
course/A08_1.bin,A08_1,298,,1808,192,0,57738,595
course/A08_1.bin,A08_1,298,,2032,192,0,57754,595
course/A08_1.bin,A08_1,142,Object142,2848,448,0,0,33024
course/A08_1.bin,A08_1,298,,2992,384,0,53618,53
course/A08_1.bin,A08_1,142,Object142,3056,416,0,0,32512
course/A08_1.bin,A08_1,142,Object142,3200,448,0,0,33280
course/A08_1.bin,A08_1,54,Object54,3072,336,0,0,0
course/A08_1.bin,A08_1,54,Object54,3168,416,0,0,0
course/A08_1.bin,A08_1,298,,3360,400,0,49524,83
course/A08_1.bin,A08_1,53,Object53,3392,384,0,0,0
course/A08_1.bin,A08_1,298,,2240,192,0,57749,595
course/A08_1.bin,A08_1,298,,3952,368,0,57715,53
course/A08_1.bin,A08_1,53,Object53,3968,352,0,0,0
course/A08_1.bin,A08_1,298,,4064,400,0,49522,53
course/A08_1.bin,A08_1,54,Object54,4144,416,0,0,0
course/A08_1.bin,A08_1,298,,3456,528,0,16753,83
course/A08_1.bin,A08_1,235,Object235,3456,432,0,256,0
course/A08_1.bin,A08_1,142,Object142,3488,400,0,0,32512
course/A08_1.bin,A08_1,54,Object54,3568,400,0,0,0
course/A08_1.bin,A08_1,235,Object235,2496,304,0,0,0
course/A08_1.bin,A08_1,298,,2384,192,0,57750,595
course/A08_1.bin,A08_1,298,,2336,192,0,57730,595
course/A08_1.bin,A08_1,298,,2528,192,0,57755,595
course/A08_1.bin,A08_1,132,Object132,2784,368,0,0,0
course/A08_1.bin,A08_1,142,Object142,208,400,0,0,49152
course/A08_1.bin,A08_1,142,Object142,3648,432,0,0,61440
course/A08_1.bin,A08_1,142,Object142,3152,368,0,0,24320
course/A08_1.bin,A08_1,54,Object54,400,368,0,0,0
course/A08_1.bin,A08_1,198,Object198,0,304,0,0,4096
course/A08_1.bin,A08_1,199,Object199,3680,304,0,0,4096
course/A08_1.bin,A08_1,198,Object198,3856,304,0,0,4096
course/A08_1.bin,A08_1,199,Object199,4336,304,0,0,4096
course/A08_1.bin,A08_1,54,Object54,3728,416,0,0,0
course/A08_1.bin,A08_1,318,Object318,0,480,0,21780,6416
course/A08_1.bin,A08_1,319,,16,480,0,34854,30998
course/A08_1.bin,A08_1,320,,32,480,0,43608,39209
course/A08_2.bin,A08_2,235,Object235,192,384,0,528,0
course/A08_3.bin,A08_3,234,Object234,0,480,0,0,31
course/A08_3.bin,A08_3,41,Object41,992,416,15,16,16
course/A08_3.bin,A08_3,58,Object58,928,272,3888,0,0
course/A08_3.bin,A08_3,39,Object39,944,432,48,6,0
course/A08_3.bin,A08_3,280,Object280,512,304,0,65328,255
course/A08_3.bin,A08_3,68,Object68,768,432,0,1282,256
course/A08_3.bin,A08_3,318,Object318,16,288,0,21780,6416
course/A08_3.bin,A08_3,319,,32,288,0,34854,30998
course/A08_3.bin,A08_3,320,,48,288,0,43608,39209
course/A09_1.bin,A09_1,128,Object128,384,432,0,0,20480
course/B01_1.bin,B01_1,289,,928,384,0,0,0
course/B01_1.bin,B01_1,37,Object37,880,416,0,0,0
course/B01_1.bin,B01_1,136,Object136,976,400,0,4,0
course/B01_1.bin,B01_1,136,Object136,608,416,0,5,0
course/B01_1.bin,B01_1,136,Object136,1312,368,0,4,0
course/B01_1.bin,B01_1,68,Object68,1536,384,0,1026,256
course/B01_1.bin,B01_1,136,Object136,1616,400,0,6,0
course/B01_1.bin,B01_1,68,Object68,1744,384,0,1026,257
course/B01_1.bin,B01_1,136,Object136,1760,336,0,6,0
course/B01_1.bin,B01_1,68,Object68,1888,384,0,770,1
course/B01_1.bin,B01_1,136,Object136,1904,336,0,5,0
course/B01_1.bin,B01_1,68,Object68,2144,384,0,2306,0
course/B01_1.bin,B01_1,136,Object136,2160,336,0,5,0
course/B01_1.bin,B01_1,136,Object136,2432,320,0,7,0
course/B01_1.bin,B01_1,68,Object68,2416,368,0,1282,1
course/B01_1.bin,B01_1,68,Object68,2368,384,0,1025,256
course/B01_1.bin,B01_1,80,Object80,3840,432,0,0,0
course/B01_1.bin,B01_1,80,Object80,3920,256,0,0,1
course/B01_1.bin,B01_1,68,Object68,4000,352,0,1281,257
course/B01_1.bin,B01_1,136,Object136,4016,304,0,5,0
course/B01_1.bin,B01_1,69,Object69,2896,416,0,1282,0
course/B01_1.bin,B01_1,136,Object136,2896,400,0,3,0
course/B01_1.bin,B01_1,69,Object69,3264,416,0,2562,0
course/B01_1.bin,B01_1,136,Object136,3280,400,0,4,0
course/B01_1.bin,B01_1,69,Object69,3552,416,0,1282,0
course/B01_1.bin,B01_1,136,Object136,3568,400,0,4,0
course/B01_1.bin,B01_1,235,Object235,1232,272,0,17,0
course/B01_1.bin,B01_1,235,Object235,2144,304,0,272,0
course/B01_1.bin,B01_1,235,Object235,3424,384,0,528,0
course/B01_1.bin,B01_1,57,Object57,912,272,0,0,256
course/B01_1.bin,B01_1,57,Object57,928,272,0,0,256
course/B01_1.bin,B01_1,132,Object132,2464,336,0,0,0
course/B01_1.bin,B01_1,117,Object117,416,352,0,4097,0
course/B01_1.bin,B01_1,117,Object117,2688,288,0,4113,0
course/B01_2.bin,B01_2,88,Object88,400,416,0,256,4096
course/B01_2.bin,B01_2,136,Object136,592,480,0,6,0
course/B01_2.bin,B01_2,32,,800,464,0,0,0
course/B02_1.bin,B02_1,162,Object162,4608,896,0,28930,39
course/B02_1.bin,B02_1,162,Object162,4112,880,0,28930,39
course/B02_1.bin,B02_1,32,,4832,912,0,0,0
course/B02_1.bin,B02_1,23,Object23,2560,912,0,0,0
course/B02_1.bin,B02_1,235,Object235,2688,912,0,256,0
course/B02_1.bin,B02_1,183,Object183,1008,816,0,257,0
course/B02_1.bin,B02_1,189,Object189,3872,928,0,4,0
course/B02_1.bin,B02_1,235,Object235,2064,496,0,0,0
course/B02_1.bin,B02_1,23,Object23,2880,896,0,0,0
course/B02_1.bin,B02_1,117,Object117,1024,832,0,1,0
course/B02_1.bin,B02_1,132,Object132,3248,672,0,0,0
course/B02_1.bin,B02_1,117,Object117,3280,880,0,4113,0
course/B02_1.bin,B02_1,147,Object147,736,880,0,3,0
course/B02_1.bin,B02_1,147,Object147,800,816,0,3,0
course/B02_1.bin,B02_1,147,Object147,896,864,0,3,0
course/B02_1.bin,B02_1,149,Object149,736,864,0,1,0
course/B02_1.bin,B02_1,149,Object149,896,848,0,1,0
course/B02_1.bin,B02_1,147,Object147,2112,864,0,4,0
course/B02_1.bin,B02_1,147,Object147,2224,848,0,4,0
course/B02_1.bin,B02_1,147,Object147,2336,864,0,4,0
course/B02_1.bin,B02_1,149,Object149,2112,848,0,1,0
course/B02_1.bin,B02_1,149,Object149,2224,832,0,1,0
course/B02_1.bin,B02_1,149,Object149,2336,848,0,1,0
course/B02_1.bin,B02_1,149,Object149,800,800,0,1,0
course/B02_2.bin,B02_2,189,Object189,352,720,0,4,0
course/B02_2.bin,B02_2,189,Object189,384,720,0,4,0
course/B02_2.bin,B02_2,235,Object235,368,192,0,512,0
course/B02_2.bin,B02_2,323,Object323,240,720,0,9,0
course/B02_2.bin,B02_2,315,Object315,256,736,0,34880,250
course/B02_2.bin,B02_2,315,Object315,272,736,0,34880,240
course/B03_1.bin,B03_1,32,,720,208,0,0,0
course/B03_1.bin,B03_1,32,,1456,208,0,0,4096
course/B03_1.bin,B03_1,117,Object117,160,160,0,0,0
course/B03_1.bin,B03_1,33,,544,192,0,0,0
course/B03_2.bin,B03_2,122,Object122,2160,1760,0,0,0
course/B03_2.bin,B03_2,120,Object120,2944,1344,0,0,0
course/B03_2.bin,B03_2,155,Object155,3168,1296,0,34,16
course/B03_2.bin,B03_2,94,Object94,592,848,0,0,0
course/B03_2.bin,B03_2,235,Object235,2480,1264,0,529,0
course/B03_2.bin,B03_2,155,Object155,1792,1712,0,19,0
course/B03_2.bin,B03_2,277,Object277,400,864,0,0,5120
course/B03_2.bin,B03_2,277,Object277,3008,1296,0,0,4608
course/B03_2.bin,B03_2,277,Object277,864,864,0,0,5376
course/B03_2.bin,B03_2,277,Object277,96,128,0,0,4864
course/B03_2.bin,B03_2,198,Object198,1808,1600,0,4096,4096
course/B03_2.bin,B03_2,199,Object199,2336,1600,0,4096,4096
course/B03_2.bin,B03_2,199,Object199,2784,1600,0,4096,4096
course/B03_2.bin,B03_2,198,Object198,2560,1600,0,4096,4096
course/B03_2.bin,B03_2,198,Object198,736,464,0,0,4096
course/B03_2.bin,B03_2,199,Object199,976,464,0,0,4096
course/B03_2.bin,B03_2,276,Object276,2784,1776,0,160,0
course/B03_2.bin,B03_2,276,Object276,2080,1520,0,241,0
course/B03_2.bin,B03_2,276,Object276,2080,1264,0,113,0
course/B03_2.bin,B03_2,198,Object198,368,784,0,0,4096
course/B03_2.bin,B03_2,199,Object199,848,784,0,0,4096
course/B03_2.bin,B03_2,120,Object120,2192,1488,0,0,0
course/B03_2.bin,B03_2,279,Object279,608,976,0,7,0
course/B03_2.bin,B03_2,279,Object279,2896,1280,0,7,0
course/B03_2.bin,B03_2,279,Object279,2848,1328,0,0,0
course/B03_2.bin,B03_2,279,Object279,2848,1392,0,5,0
course/B03_2.bin,B03_2,108,Object108,2912,1248,0,256,0
course/B03_2.bin,B03_2,279,Object279,800,880,0,3,0
course/B03_2.bin,B03_2,279,Object279,2944,1392,0,7,0
course/B03_2.bin,B03_2,231,Object231,1920,672,48,3600,20
course/B03_2.bin,B03_2,107,Object107,2080,592,48,512,12032
course/B03_2.bin,B03_2,155,Object155,2688,496,0,20,0
course/B03_2.bin,B03_2,277,Object277,2544,496,0,0,4608
course/B03_2.bin,B03_2,57,Object57,2224,272,0,0,0
course/B03_2.bin,B03_2,57,Object57,2224,288,0,0,0
course/B03_2.bin,B03_2,276,Object276,2256,448,0,288,0
course/B03_2.bin,B03_2,155,Object155,1776,272,0,17,0
course/B03_2.bin,B03_2,155,Object155,1424,1232,0,18,0
course/B03_2.bin,B03_2,277,Object277,928,1168,0,0,4608
course/B03_2.bin,B03_2,149,Object149,240,272,0,0,0
course/B03_2.bin,B03_2,149,Object149,272,304,0,0,0
course/B03_2.bin,B03_2,149,Object149,304,336,0,0,0
course/B03_2.bin,B03_2,149,Object149,336,368,0,0,0
course/B03_2.bin,B03_2,276,Object276,368,1264,0,241,0
course/B03_2.bin,B03_2,276,Object276,368,1008,0,241,0
course/B03_2.bin,B03_2,276,Object276,368,752,0,209,0
course/B03_2.bin,B03_2,149,Object149,208,240,0,0,0
course/B03_2.bin,B03_2,198,Object198,2704,1472,0,4096,0
course/B03_2.bin,B03_2,199,Object199,3168,1472,0,4096,0
course/B03_2.bin,B03_2,57,Object57,2832,1424,0,0,0
course/B03_2.bin,B03_2,57,Object57,2864,1424,0,0,0
course/B03_2.bin,B03_2,57,Object57,2896,1424,0,0,0
course/B03_2.bin,B03_2,57,Object57,2928,1424,0,0,0
course/B03_2.bin,B03_2,57,Object57,2848,1408,0,0,0
course/B03_2.bin,B03_2,57,Object57,2880,1408,0,0,0
course/B03_2.bin,B03_2,57,Object57,2912,1408,0,0,0
course/B03_2.bin,B03_2,235,Object235,800,512,0,17,0
course/B03_2.bin,B03_2,155,Object155,2688,208,0,19,16
course/B03_2.bin,B03_2,146,Object146,400,928,0,0,0
course/B03_2.bin,B03_2,146,Object146,944,784,0,0,0
course/B03_2.bin,B03_2,146,Object146,400,1040,0,0,0
course/B03_2.bin,B03_2,146,Object146,400,1152,0,0,0
course/B03_2.bin,B03_2,132,Object132,1824,272,0,0,0
course/B03_2.bin,B03_2,107,Object107,2304,304,12337,513,12032
course/B03_2.bin,B03_2,279,Object279,1120,1200,0,0,0
course/B03_2.bin,B03_2,279,Object279,992,1200,0,4,0
course/B03_2.bin,B03_2,279,Object279,1264,1216,0,5,0
course/B03_2.bin,B03_2,279,Object279,1184,1088,0,2,0
course/B03_2.bin,B03_2,279,Object279,1168,1216,0,3,0
course/B03_2.bin,B03_2,235,Object235,1200,1072,0,256,1
course/B03_2.bin,B03_2,120,Object120,1216,1168,0,0,0
course/B03_2.bin,B03_2,279,Object279,1248,1136,0,1,0
course/B03_2.bin,B03_2,279,Object279,1168,1072,0,6,0
course/B03_2.bin,B03_2,279,Object279,1264,1088,0,5,0
course/B03_2.bin,B03_2,277,Object277,1280,1232,0,0,4608
course/B03_2.bin,B03_2,277,Object277,1856,272,0,0,4608
course/B03_2.bin,B03_2,198,Object198,1008,1024,0,4096,4096
course/B03_2.bin,B03_2,199,Object199,1360,1024,0,4096,4096
course/B03_2.bin,B03_2,276,Object276,992,944,0,240,0
course/B03_2.bin,B03_2,276,Object276,992,688,0,240,0
course/B03_2.bin,B03_2,277,Object277,944,752,0,0,5120
course/B03_2.bin,B03_2,146,Object146,2656,1328,0,0,0
course/B03_2.bin,B03_2,279,Object279,2512,1456,0,5,0
course/B03_2.bin,B03_2,276,Object276,2272,448,0,289,0
course/B03_2.bin,B03_2,117,Object117,2144,272,0,4112,0
course/B04_1.bin,B04_1,235,Object235,2320,432,0,257,0
course/B04_1.bin,B04_1,235,Object235,3776,368,0,512,0
course/B04_1.bin,B04_1,141,Object141,272,480,1,0,4096
course/B04_1.bin,B04_1,107,Object107,384,400,1,256,0
course/B04_1.bin,B04_1,148,Object148,1312,384,0,0,0
course/B04_1.bin,B04_1,148,Object148,1344,448,0,0,0
course/B04_1.bin,B04_1,149,Object149,1152,384,0,1,0
course/B04_1.bin,B04_1,235,Object235,1216,368,0,0,0
course/B04_1.bin,B04_1,141,Object141,2464,480,2,0,4096
course/B04_1.bin,B04_1,150,Object150,1056,384,0,32,0
course/B04_1.bin,B04_1,59,Object59,3824,400,0,0,0
course/B04_1.bin,B04_1,59,Object59,3744,336,0,0,0
course/B04_1.bin,B04_1,149,Object149,816,400,0,0,0
course/B04_1.bin,B04_1,148,Object148,864,464,0,0,0
course/B04_1.bin,B04_1,148,Object148,880,464,0,0,0
course/B04_1.bin,B04_1,149,Object149,960,448,0,0,0
course/B04_1.bin,B04_1,32,,4480,448,0,0,0
course/B04_1.bin,B04_1,199,Object199,1280,480,0,0,0
course/B04_1.bin,B04_1,198,Object198,80,480,0,0,0
course/B04_1.bin,B04_1,231,Object231,1568,704,0,0,20
course/B04_1.bin,B04_1,199,Object199,4704,480,0,0,0
course/B04_1.bin,B04_1,198,Object198,2320,480,0,0,0
course/B04_1.bin,B04_1,23,Object23,1536,688,0,0,0
course/B04_1.bin,B04_1,66,,1776,672,0,0,0
course/B04_1.bin,B04_1,149,Object149,1248,320,0,0,0
course/B04_1.bin,B04_1,24,Object24,1632,624,0,0,0
course/B04_1.bin,B04_1,23,Object23,2208,704,0,0,0
course/B04_1.bin,B04_1,148,Object148,2112,544,0,0,0
course/B04_1.bin,B04_1,148,Object148,2032,576,0,0,0
course/B04_1.bin,B04_1,32,,1440,1472,0,0,4096
course/B04_1.bin,B04_1,24,Object24,1872,560,0,0,0
course/B04_1.bin,B04_1,132,Object132,3024,464,0,0,0
course/B04_1.bin,B04_1,149,Object149,4080,432,0,1,0
course/B04_1.bin,B04_1,117,Object117,496,368,0,4097,0
course/B04_1.bin,B04_1,149,Object149,4304,352,0,0,0
course/B04_1.bin,B04_1,25,Object25,1216,400,0,0,0
course/B04_1.bin,B04_1,26,Object26,1456,512,0,0,0
course/B04_1.bin,B04_1,26,Object26,1376,368,0,0,0
course/B04_1.bin,B04_1,25,Object25,1968,528,0,0,0
course/B04_1.bin,B04_1,26,Object26,1504,560,0,0,0
course/B04_1.bin,B04_1,25,Object25,2144,400,0,0,0
course/B04_1.bin,B04_1,120,Object120,3120,448,0,0,0
course/B04_1.bin,B04_1,107,Object107,2656,384,2,257,0
course/B04_1.bin,B04_1,141,Object141,3120,480,3,0,4096
course/B04_1.bin,B04_1,291,,2976,416,3,256,4096
course/B04_1.bin,B04_1,120,Object120,3408,448,0,0,0
course/B04_1.bin,B04_1,141,Object141,3408,480,3,0,4096
course/B04_1.bin,B04_1,117,Object117,2960,384,0,8209,0
course/B04_1.bin,B04_1,186,Object186,3264,464,0,0,0
course/B04_1.bin,B04_1,149,Object149,2528,368,0,1,0
course/B04_1.bin,B04_1,149,Object149,2416,368,0,1,0
course/B04_1.bin,B04_1,186,Object186,2864,352,0,0,0
course/B04_1.bin,B04_1,276,Object276,1264,864,0,289,0
course/B04_1.bin,B04_1,198,Object198,1024,768,0,0,0
course/B04_1.bin,B04_1,199,Object199,1248,768,0,0,0
course/B04_1.bin,B04_1,198,Object198,1280,768,0,0,0
course/B04_1.bin,B04_1,199,Object199,2288,768,0,0,0
course/B04_1.bin,B04_1,148,Object148,512,416,0,0,0
course/B04_2.bin,B04_2,31,,160,160,0,0,0
course/B04_2.bin,B04_2,316,,0,240,0,43554,45066
course/B04_2.bin,B04_2,317,Object317,16,240,0,26146,0
course/B04_2.bin,B04_2,257,Object257,176,176,0,0,0
course/B05_1.bin,B05_1,275,Object274,576,448,0,513,0
course/B05_1.bin,B05_1,275,Object274,896,432,0,259,0
course/B05_1.bin,B05_1,275,Object274,1008,432,0,257,0
course/B05_1.bin,B05_1,275,Object274,1648,320,0,257,0
course/B05_1.bin,B05_1,275,Object274,1344,384,0,258,0
course/B05_1.bin,B05_1,275,Object274,1824,336,0,514,0
course/B05_1.bin,B05_1,275,Object274,2480,448,0,258,0
course/B05_1.bin,B05_1,275,Object274,2944,336,0,258,0
course/B05_1.bin,B05_1,275,Object274,3056,416,0,514,0
course/B05_1.bin,B05_1,204,Object204,2832,432,0,0,0
course/B05_1.bin,B05_1,275,Object274,832,448,0,258,0
course/B05_1.bin,B05_1,158,Object158,3568,384,0,0,0
course/B05_1.bin,B05_1,68,Object68,3424,400,0,770,257
course/B05_1.bin,B05_1,37,Object37,816,448,0,0,0
course/B05_1.bin,B05_1,37,Object37,1104,448,0,0,0
course/B05_1.bin,B05_1,204,Object204,2512,448,0,0,0
course/B05_1.bin,B05_1,88,Object88,2976,240,0,0,4096
course/B05_1.bin,B05_1,155,Object155,3712,400,0,21,32
course/B05_1.bin,B05_1,132,Object132,2240,304,0,0,0
course/B05_1.bin,B05_1,235,Object235,944,240,0,0,0
course/B05_1.bin,B05_1,235,Object235,2656,208,0,256,0
course/B05_1.bin,B05_1,117,Object117,352,368,0,1,0
course/B05_1.bin,B05_1,117,Object117,2320,368,0,4113,0
course/B05_2.bin,B05_2,32,,1040,448,0,0,0
course/B05_2.bin,B05_2,275,Object274,944,448,0,514,0
course/B05_2.bin,B05_2,275,Object274,896,672,0,771,0
course/B05_2.bin,B05_2,235,Object235,768,480,0,529,0
course/B05_2.bin,B05_2,198,Object198,672,480,0,4352,0
course/B05_2.bin,B05_2,199,Object199,736,480,0,4352,0
course/B05_2.bin,B05_2,198,Object198,752,464,0,4112,0
course/B05_2.bin,B05_2,199,Object199,816,464,0,4112,0
course/B05_2.bin,B05_2,198,Object198,832,480,0,4352,0
course/B05_2.bin,B05_2,199,Object199,1264,480,0,4352,0
course/B06_1.bin,B06_1,32,,1552,464,0,0,0
course/B06_1.bin,B06_1,120,Object120,1328,336,0,0,0
course/B06_1.bin,B06_1,117,Object117,464,352,0,4096,0
course/B06_1.bin,B06_1,68,Object68,1248,480,0,1027,0
course/B06_1.bin,B06_1,68,Object68,1328,400,0,1026,1
course/B06_1.bin,B06_1,68,Object68,1392,480,0,1026,256
course/B06_2.bin,B06_2,78,Object78,144,448,0,9,2
course/B06_2.bin,B06_2,68,Object68,4032,448,0,1026,0
course/B06_2.bin,B06_2,68,Object68,4096,448,0,1538,0
course/B06_2.bin,B06_2,218,Object218,144,416,0,257,2
course/B06_2.bin,B06_2,68,Object68,2976,384,0,1794,257
course/B06_2.bin,B06_2,120,Object120,2992,304,0,0,0
course/B06_2.bin,B06_2,68,Object68,1360,496,0,1026,0
course/B06_2.bin,B06_2,120,Object120,1376,416,0,0,0
course/B06_2.bin,B06_2,68,Object68,1744,464,0,1794,0
course/B06_2.bin,B06_2,120,Object120,1760,384,0,0,0
course/B06_2.bin,B06_2,24,Object24,1984,368,0,0,0
course/B06_2.bin,B06_2,68,Object68,2272,544,0,2818,0
course/B06_2.bin,B06_2,78,Object78,3248,400,0,7,2
course/B06_2.bin,B06_2,68,Object68,3408,400,0,1026,1
course/B06_2.bin,B06_2,68,Object68,3680,432,0,514,1
course/B06_2.bin,B06_2,68,Object68,3808,336,0,1282,1
course/B06_2.bin,B06_2,120,Object120,4048,368,0,0,0
course/B06_2.bin,B06_2,120,Object120,4112,368,0,0,0
course/B06_2.bin,B06_2,68,Object68,4544,544,0,771,0
course/B06_2.bin,B06_2,122,Object122,4576,368,0,0,0
course/B06_2.bin,B06_2,68,Object68,912,384,0,258,0
course/B06_2.bin,B06_2,120,Object120,928,304,0,0,0
course/B06_2.bin,B06_2,68,Object68,1024,496,0,258,1
course/B06_2.bin,B06_2,120,Object120,1040,416,0,0,0
course/B06_2.bin,B06_2,235,Object235,2336,352,0,0,0
course/B06_2.bin,B06_2,235,Object235,4416,336,0,256,0
course/B06_2.bin,B06_2,235,Object235,5600,384,0,512,0
course/B06_2.bin,B06_2,245,Object245,6192,576,0,57829,17
course/B06_2.bin,B06_2,120,Object120,6192,480,0,0,0
course/B06_2.bin,B06_2,68,Object68,5504,384,0,515,0
course/B06_2.bin,B06_2,123,Object123,5520,272,0,0,0
course/B06_2.bin,B06_2,68,Object68,5248,464,0,515,1
course/B06_2.bin,B06_2,68,Object68,5360,464,0,515,1
course/B06_2.bin,B06_2,68,Object68,5472,464,0,515,1
course/B06_2.bin,B06_2,68,Object68,5584,464,0,515,1
course/B06_2.bin,B06_2,68,Object68,5696,464,0,515,1
course/B06_2.bin,B06_2,68,Object68,5808,464,0,515,1
course/B06_2.bin,B06_2,68,Object68,5888,496,0,515,1
course/B06_2.bin,B06_2,68,Object68,2704,384,0,1281,1
course/B07_1.bin,B07_1,231,Object231,0,464,0,0,31
course/B07_1.bin,B07_1,283,Object274,224,496,0,0,0
course/B07_1.bin,B07_1,95,Object95,1328,448,0,0,0
course/B07_1.bin,B07_1,150,Object150,576,400,0,0,0
course/B07_1.bin,B07_1,150,Object150,640,400,0,0,0
course/B07_1.bin,B07_1,150,Object150,1008,352,0,0,0
course/B07_1.bin,B07_1,149,Object149,832,432,0,1,0
course/B07_1.bin,B07_1,95,Object95,2368,432,0,0,0
course/B07_1.bin,B07_1,95,Object95,2784,432,0,0,0
course/B07_1.bin,B07_1,95,Object95,3184,432,0,0,0
course/B07_1.bin,B07_1,235,Object235,3328,336,0,273,0
course/B07_1.bin,B07_1,95,Object95,1536,432,0,0,0
course/B07_1.bin,B07_1,95,Object95,1728,448,0,0,0
course/B07_1.bin,B07_1,95,Object95,2560,432,0,0,0
course/B07_1.bin,B07_1,149,Object149,3472,432,0,1,0
course/B07_1.bin,B07_1,283,Object274,2400,496,0,256,0
course/B07_1.bin,B07_1,235,Object235,1040,400,0,1,0
course/B07_1.bin,B07_1,117,Object117,320,336,0,1,0
course/B07_1.bin,B07_1,132,Object132,2352,288,0,0,0
course/B07_1.bin,B07_1,95,Object95,1984,384,0,0,0
course/B07_1.bin,B07_1,150,Object150,2944,208,0,33,0
course/B07_1.bin,B07_1,150,Object150,3008,192,0,33,0
course/B07_1.bin,B07_1,117,Object117,2128,352,0,4113,0
course/B07_2.bin,B07_2,32,,1232,448,0,0,0
course/B07_2.bin,B07_2,95,Object95,592,432,0,6144,0
course/B07_2.bin,B07_2,235,Object235,400,288,0,513,0
course/B07_2.bin,B07_2,150,Object150,896,352,0,17,0
course/B07_2.bin,B07_2,231,Object231,256,496,0,0,31
course/B07_2.bin,B07_2,198,Object198,736,496,0,0,0
course/B07_2.bin,B07_2,199,Object199,1456,496,0,0,0
course/B07_3.bin,B07_3,32,,624,464,0,0,4096
course/B08_1.bin,B08_1,127,Object127,640,1408,0,0,0
course/B08_1.bin,B08_1,127,Object127,512,752,0,0,0
course/B08_1.bin,B08_1,127,Object127,928,1376,0,0,0
course/B08_1.bin,B08_1,127,Object127,880,1072,0,0,0
course/B08_1.bin,B08_1,235,Object235,1088,880,0,0,0
course/B08_1.bin,B08_1,236,Object236,2000,896,0,256,1
course/B08_1.bin,B08_1,236,Object236,2080,880,0,256,0
course/B08_1.bin,B08_1,236,Object236,2128,736,1,256,0
course/B08_1.bin,B08_1,152,Object152,2256,736,1,0,0
course/B08_1.bin,B08_1,236,Object236,1968,704,1,256,1
course/B08_1.bin,B08_1,236,Object236,2128,464,2,256,0
course/B08_1.bin,B08_1,152,Object152,2208,480,2,0,0
course/B08_1.bin,B08_1,235,Object235,1776,288,0,512,0
course/B08_1.bin,B08_1,53,Object53,992,992,0,0,0
course/B08_1.bin,B08_1,127,Object127,928,752,0,0,1
course/B08_1.bin,B08_1,34,,976,608,23,0,0
course/B08_1.bin,B08_1,106,FireSnake,928,624,23,0,0
course/B08_1.bin,B08_1,106,FireSnake,992,672,23,0,0
course/B08_1.bin,B08_1,106,FireSnake,1024,720,23,0,0
course/B08_1.bin,B08_1,106,FireSnake,992,768,23,0,0
course/B08_1.bin,B08_1,106,FireSnake,928,800,23,0,0
course/B08_1.bin,B08_1,106,FireSnake,864,768,23,0,0
course/B08_1.bin,B08_1,106,FireSnake,864,672,23,0,0
course/B08_1.bin,B08_1,236,Object236,2032,480,2,256,0
course/B08_1.bin,B08_1,236,Object236,1856,528,2,256,1
course/B08_1.bin,B08_1,152,Object152,1984,272,3,0,0
course/B08_1.bin,B08_1,86,Object86,1808,432,3,0,0
course/B08_1.bin,B08_1,82,Object82,1872,368,3,512,0
course/B08_1.bin,B08_1,106,FireSnake,832,720,23,0,0
course/B08_1.bin,B08_1,276,Object276,1104,1616,0,656,0
course/B08_1.bin,B08_1,198,Object198,448,464,0,256,4096
course/B08_1.bin,B08_1,199,Object199,1264,464,0,256,4096
course/B08_1.bin,B08_1,236,Object236,2048,720,0,256,0
course/B08_1.bin,B08_1,53,Object53,544,1072,0,0,0
course/B08_1.bin,B08_1,33,,1216,624,0,0,0
course/B08_1.bin,B08_1,132,Object132,1872,1136,0,0,0
course/B08_1.bin,B08_1,53,Object53,1920,560,0,0,0
course/B08_1.bin,B08_1,198,Object198,1712,256,0,0,4096
course/B08_1.bin,B08_1,199,Object199,1920,256,0,0,4096
course/B08_1.bin,B08_1,198,Object198,688,896,0,4096,4096
course/B08_1.bin,B08_1,199,Object199,1008,896,0,4096,4096
course/B08_1.bin,B08_1,198,Object198,480,528,0,8,4096
course/B08_1.bin,B08_1,199,Object199,1024,528,0,8,4096
course/B08_1.bin,B08_1,117,Object117,416,1328,0,4096,0
course/B08_1.bin,B08_1,117,Object117,2192,704,0,4112,0
course/B08_1.bin,B08_1,198,Object198,1792,976,0,0,0
course/B08_1.bin,B08_1,199,Object199,2288,976,0,0,0
course/B08_1.bin,B08_1,53,Object53,2096,544,0,0,0
course/B08_1.bin,B08_1,198,Object198,2048,272,0,0,4096
course/B08_1.bin,B08_1,199,Object199,2288,272,0,0,4096
course/B08_1.bin,B08_1,45,Object45,880,1216,0,0,0
course/B08_1.bin,B08_1,45,Object45,896,1216,0,0,0
course/B08_1.bin,B08_1,45,Object45,912,1216,0,0,0
course/B08_2.bin,B08_2,249,Object249,384,1296,0,12289,16
course/B08_2.bin,B08_2,57,Object57,432,1312,0,0,256
course/B08_2.bin,B08_2,57,Object57,448,1168,0,0,272
course/B08_2.bin,B08_2,57,Object57,400,1200,0,0,256
course/B08_2.bin,B08_2,57,Object57,432,1232,0,0,272
course/B08_2.bin,B08_2,57,Object57,400,1280,0,0,256
course/B08_2.bin,B08_2,249,Object249,384,928,0,12289,16
course/B08_2.bin,B08_2,235,Object235,480,1088,0,272,0
course/B08_2.bin,B08_2,276,Object276,336,1104,0,513,0
course/B08_2.bin,B08_2,276,Object276,576,960,0,256,0
course/B08_2.bin,B08_2,198,Object198,528,976,0,0,4096
course/B08_2.bin,B08_2,199,Object199,688,976,0,0,4096
course/B08_3.bin,B08_3,220,Object220,416,432,0,16,0
course/B09_1.bin,B09_1,115,Object115,48,288,9,17,0
course/B09_1.bin,B09_1,102,Object102,592,416,0,257,0
course/B09_1.bin,B09_1,102,Object102,752,400,0,257,0
course/B09_1.bin,B09_1,102,Object102,896,432,0,2,0
course/B09_1.bin,B09_1,173,Object173,1104,272,0,3,256
course/B09_1.bin,B09_1,115,Object115,1152,480,0,2,0
course/B09_1.bin,B09_1,235,Object235,2336,400,2560,0,16
course/B09_1.bin,B09_1,102,Object102,2496,336,10,258,0
course/B09_1.bin,B09_1,102,Object102,1872,448,0,257,0
course/B09_1.bin,B09_1,102,Object102,2016,448,0,257,0
course/B09_1.bin,B09_1,102,Object102,2208,448,0,258,0
course/B09_1.bin,B09_1,102,Object102,2720,352,12,257,0
course/B09_1.bin,B09_1,198,Object198,0,288,0,0,4096
course/B09_1.bin,B09_1,199,Object199,1232,320,0,0,4096
course/B09_1.bin,B09_1,198,Object198,1248,320,0,4096,4096
course/B09_1.bin,B09_1,199,Object199,1408,320,0,4096,4096
course/B09_1.bin,B09_1,198,Object198,1424,320,0,0,4096
course/B09_1.bin,B09_1,199,Object199,2800,320,0,0,4096
course/B09_1.bin,B09_1,280,Object280,1536,320,0,49158,192
course/B09_1.bin,B09_1,168,Object168,272,256,9,0,255
course/B09_1.bin,B09_1,102,Object102,1648,448,0,257,0
course/B09_1.bin,B09_1,168,Object168,2624,496,11,32,511
course/B09_1.bin,B09_1,167,Object166,2624,480,2828,16,6160
course/B09_2.bin,B09_2,27,Object27,288,416,0,16,0
course/B09_2.bin,B09_2,27,Object27,480,416,0,0,0
course/B09_2.bin,B09_2,27,Object27,560,464,0,0,0
course/B09_2.bin,B09_2,235,Object235,480,336,0,256,0
course/B09_2.bin,B09_2,27,Object27,1008,368,0,0,0
course/B09_2.bin,B09_2,107,Object107,1040,368,1,0,16
course/B09_2.bin,B09_2,141,Object141,1040,384,1,0,4352
course/B09_2.bin,B09_2,102,Object102,1104,352,0,0,0
course/B09_2.bin,B09_2,55,Object55,656,352,0,2,0
course/B09_2.bin,B09_2,173,Object173,1472,336,0,1,256
course/B09_2.bin,B09_2,115,Object115,1504,464,0,1,0
course/B09_2.bin,B09_2,102,Object102,1888,384,24,257,0
course/B09_2.bin,B09_2,102,Object102,2000,352,24,257,0
course/B09_2.bin,B09_2,102,Object102,2224,352,0,0,0
course/B09_2.bin,B09_2,141,Object141,2304,384,24,0,4352
course/B09_2.bin,B09_2,107,Object107,2464,352,24,256,0
course/B09_2.bin,B09_2,102,Object102,2112,352,24,257,0
course/B09_2.bin,B09_2,235,Object235,2048,432,0,512,0
course/B09_2.bin,B09_2,132,Object132,48,400,0,0,0
course/B09_3.bin,B09_3,295,,544,448,48,0,0
course/B09_3.bin,B09_3,39,Object39,720,448,48,0,0
course/B09_3.bin,B09_3,129,Object129,736,448,0,0,0
course/B10_1.bin,B10_1,128,Object128,384,432,0,0,20480
course/C01_1.bin,C01_1,32,,272,192,0,0,0
course/C01_1.bin,C01_1,231,Object231,768,208,0,0,21
course/C01_1.bin,C01_1,117,Object117,992,112,0,0,0
course/C01_1.bin,C01_1,231,Object231,0,240,0,0,21
course/C01_1.bin,C01_1,321,,0,0,0,20480,33043
course/C01_1.bin,C01_1,322,,16,0,0,40960,291
course/C01_1.bin,C01_1,321,,768,0,0,20480,33043
course/C01_1.bin,C01_1,322,,784,0,0,40960,291
course/C01_2.bin,C01_2,185,Object185,1104,320,0,256,0
course/C01_2.bin,C01_2,207,Object207,256,368,0,0,0
course/C01_2.bin,C01_2,96,Object96,128,480,0,0,0
course/C01_2.bin,C01_2,96,Object96,720,480,0,0,0
course/C01_2.bin,C01_2,96,Object96,1440,480,0,0,0
course/C01_2.bin,C01_2,96,Object96,2032,480,0,0,0
course/C01_2.bin,C01_2,49,Object49,2336,304,0,0,0
course/C01_2.bin,C01_2,48,Object47,2160,496,0,0,0
course/C01_2.bin,C01_2,93,Object93,64,480,0,1,0
course/C01_2.bin,C01_2,31,,3024,480,0,0,0
course/C01_2.bin,C01_2,31,,3120,464,0,0,0
course/C01_2.bin,C01_2,31,,3296,336,0,0,0
course/C01_2.bin,C01_2,31,,2208,480,0,0,0
course/C01_2.bin,C01_2,31,,2736,480,0,0,0
course/C01_2.bin,C01_2,31,,3344,464,0,0,0
course/C01_2.bin,C01_2,96,Object96,3200,480,0,0,0
course/C01_2.bin,C01_2,96,Object96,3696,480,0,0,0
course/C01_2.bin,C01_2,185,Object185,2240,320,0,513,0
course/C01_2.bin,C01_2,57,Object57,2608,352,0,257,0
course/C01_2.bin,C01_2,57,Object57,3328,416,0,258,0
course/C01_2.bin,C01_2,57,Object57,3248,368,0,257,0
course/C01_2.bin,C01_2,57,Object57,3120,336,0,257,0
course/C01_2.bin,C01_2,57,Object57,3792,368,0,514,0
course/C01_2.bin,C01_2,57,Object57,1456,368,0,513,0
course/C01_2.bin,C01_2,49,Object49,2272,288,0,0,0
course/C01_2.bin,C01_2,49,Object49,2400,304,0,0,0
course/C01_2.bin,C01_2,48,Object47,1920,496,0,0,0
course/C01_2.bin,C01_2,48,Object47,1984,496,0,0,0
course/C01_2.bin,C01_2,235,Object235,2192,960,0,0,0
course/C01_2.bin,C01_2,235,Object235,2368,320,0,256,0
course/C01_2.bin,C01_2,235,Object235,2928,336,0,512,0
course/C01_2.bin,C01_2,31,,2000,384,0,0,0
course/C01_2.bin,C01_2,31,,1872,448,0,0,0
course/C01_2.bin,C01_2,31,,2208,336,0,0,0
course/C01_2.bin,C01_2,57,Object57,2208,880,0,257,0
course/C01_2.bin,C01_2,57,Object57,2224,832,0,257,0
course/C01_2.bin,C01_2,57,Object57,2192,848,0,257,0
course/C01_2.bin,C01_2,57,Object57,2288,848,0,257,0
course/C01_2.bin,C01_2,57,Object57,2272,880,0,257,0
course/C01_2.bin,C01_2,57,Object57,2320,864,0,257,0
course/C01_2.bin,C01_2,57,Object57,2144,832,0,257,0
course/C01_2.bin,C01_2,96,Object96,1920,992,0,0,0
course/C01_2.bin,C01_2,107,Object107,2464,576,1,4353,7680
course/C01_2.bin,C01_2,113,Object113,1776,480,0,0,0
course/C01_2.bin,C01_2,207,Object207,432,416,0,0,0
course/C01_2.bin,C01_2,207,Object207,864,416,0,0,0
course/C01_2.bin,C01_2,207,Object207,1168,448,0,0,0
course/C01_2.bin,C01_2,57,Object57,1952,352,0,257,0
course/C01_2.bin,C01_2,57,Object57,2048,416,0,257,0
course/C01_2.bin,C01_2,231,Object231,1792,768,0,0,0
course/C01_2.bin,C01_2,207,Object207,992,400,0,0,0
course/C01_2.bin,C01_2,113,Object113,2496,336,0,0,0
course/C01_2.bin,C01_2,113,Object113,3168,464,0,0,0
course/C01_2.bin,C01_2,34,,656,368,17,0,0
course/C01_2.bin,C01_2,106,FireSnake,704,432,17,0,0
course/C01_2.bin,C01_2,106,FireSnake,736,448,17,0,0
course/C01_2.bin,C01_2,106,FireSnake,896,352,17,0,0
course/C01_2.bin,C01_2,106,FireSnake,944,352,17,0,0
course/C01_2.bin,C01_2,106,FireSnake,768,464,17,0,0
course/C01_2.bin,C01_2,106,FireSnake,1072,368,17,0,0
course/C01_2.bin,C01_2,106,FireSnake,1008,432,17,0,0
course/C01_2.bin,C01_2,106,FireSnake,1040,416,17,0,0
course/C01_2.bin,C01_2,66,,2736,384,44,1,0
course/C01_2.bin,C01_2,132,Object132,1312,400,0,0,0
course/C01_2.bin,C01_2,57,Object57,1392,336,0,513,0
course/C01_2.bin,C01_2,31,,304,368,0,0,0
course/C01_2.bin,C01_2,31,,464,416,0,0,0
course/C01_2.bin,C01_2,31,,896,416,0,0,0
course/C01_2.bin,C01_2,31,,912,416,0,0,0
course/C01_2.bin,C01_2,31,,1200,448,0,0,0
course/C01_2.bin,C01_2,31,,480,416,0,0,0
course/C01_2.bin,C01_2,31,,1024,400,0,0,0
course/C01_2.bin,C01_2,48,Object47,1728,496,0,0,0
course/C01_2.bin,C01_2,316,,0,304,0,43554,45066
course/C01_2.bin,C01_2,317,Object317,16,304,0,26146,0
course/C01_2.bin,C01_2,316,,1808,768,0,43554,45066
course/C01_2.bin,C01_2,317,Object317,1824,768,0,26146,0
course/C01_2.bin,C01_2,117,Object117,1472,384,0,16,0
course/C01_2.bin,C01_2,185,Object185,336,320,0,0,0
course/C01_2.bin,C01_2,34,,3504,400,18,0,0
course/C01_2.bin,C01_2,106,FireSnake,3424,368,18,1,0
course/C01_2.bin,C01_2,106,FireSnake,3472,416,18,1,0
course/C01_2.bin,C01_2,106,FireSnake,3472,368,18,1,0
course/C01_2.bin,C01_2,106,FireSnake,3536,448,18,1,0
course/C01_2.bin,C01_2,106,FireSnake,3424,416,18,1,0
course/C01_2.bin,C01_2,106,FireSnake,3600,384,18,1,0
course/C01_2.bin,C01_2,106,FireSnake,3536,384,18,1,0
course/C01_2.bin,C01_2,106,FireSnake,3600,448,18,1,0
course/C01_2.bin,C01_2,57,Object57,2144,864,0,257,0
course/C01_2.bin,C01_2,57,Object57,1904,944,0,257,0
course/C01_2.bin,C01_2,57,Object57,2064,880,0,257,0
course/C01_2.bin,C01_2,57,Object57,2112,944,0,257,0
course/C01_2.bin,C01_2,57,Object57,2112,800,0,257,0
course/C01_2.bin,C01_2,57,Object57,2128,912,0,257,0
course/C01_2.bin,C01_2,57,Object57,2144,944,0,257,0
course/C01_2.bin,C01_2,185,Object185,1792,848,0,769,0
course/C01_2.bin,C01_2,96,Object96,2144,992,0,0,0
course/C01_2.bin,C01_2,31,,2176,880,0,0,0
course/C01_2.bin,C01_2,31,,1952,976,0,0,0
course/C01_2.bin,C01_2,31,,2000,912,0,0,0
course/C01_2.bin,C01_2,57,Object57,2096,848,0,257,0
course/C01_2.bin,C01_2,57,Object57,2112,864,0,257,0
course/C01_2.bin,C01_2,57,Object57,2176,896,0,257,0
course/C01_2.bin,C01_2,57,Object57,2032,928,0,257,0
course/C01_2.bin,C01_2,57,Object57,1968,912,0,257,0
course/C01_2.bin,C01_2,57,Object57,2032,800,0,257,0
course/C01_2.bin,C01_2,57,Object57,2080,912,0,257,0
course/C01_2.bin,C01_2,57,Object57,1936,848,0,257,0
course/C01_2.bin,C01_2,57,Object57,1936,896,0,257,0
course/C01_2.bin,C01_2,57,Object57,2320,784,0,257,0
course/C01_2.bin,C01_2,57,Object57,2256,768,0,257,0
course/C01_2.bin,C01_2,57,Object57,2256,816,0,257,0
course/C01_2.bin,C01_2,57,Object57,2032,864,0,257,0
course/C01_2.bin,C01_2,57,Object57,2000,880,0,257,0
course/C01_2.bin,C01_2,57,Object57,1984,848,0,257,0
course/C01_2.bin,C01_2,57,Object57,2256,928,0,257,0
course/C01_2.bin,C01_2,57,Object57,2224,912,0,257,0
course/C01_2.bin,C01_2,57,Object57,2176,928,0,257,0
course/C01_2.bin,C01_2,228,Object228,1376,400,0,0,0
course/C02_1.bin,C02_1,162,Object162,288,416,0,28930,39
course/C02_1.bin,C02_1,162,Object162,1056,416,0,28930,39
course/C02_1.bin,C02_1,149,Object149,384,384,0,1,0
course/C02_1.bin,C02_1,148,Object148,1168,384,0,0,0
course/C02_1.bin,C02_1,148,Object148,1184,368,0,0,0
course/C02_1.bin,C02_1,162,Object162,736,400,0,28930,39
course/C02_1.bin,C02_1,149,Object149,736,384,0,1,0
course/C02_1.bin,C02_1,148,Object148,1280,464,0,0,0
course/C02_1.bin,C02_1,148,Object148,848,368,0,0,0
course/C02_1.bin,C02_1,76,Object76,1648,320,0,886,0
course/C02_1.bin,C02_1,76,Object76,2240,320,0,887,0
course/C02_1.bin,C02_1,76,Object76,2448,336,0,566,0
course/C02_1.bin,C02_1,174,Object174,2832,400,0,8711,813
course/C02_1.bin,C02_1,148,Object148,1152,384,0,0,0
course/C02_1.bin,C02_1,148,Object148,1024,384,0,0,0
course/C02_1.bin,C02_1,148,Object148,1008,384,0,0,0
course/C02_1.bin,C02_1,148,Object148,1968,416,0,0,0
course/C02_1.bin,C02_1,148,Object148,1328,464,0,0,0
course/C02_1.bin,C02_1,57,Object57,1648,336,0,0,0
course/C02_1.bin,C02_1,57,Object57,1632,336,0,0,0
course/C02_1.bin,C02_1,235,Object235,4512,304,0,512,0
course/C02_1.bin,C02_1,76,Object76,3328,320,0,1141,0
course/C02_1.bin,C02_1,76,Object76,3504,320,0,853,0
course/C02_1.bin,C02_1,76,Object76,3680,320,0,837,0
course/C02_1.bin,C02_1,106,FireSnake,3840,368,23,0,0
course/C02_1.bin,C02_1,106,FireSnake,3792,416,23,0,0
course/C02_1.bin,C02_1,106,FireSnake,3648,336,23,0,0
course/C02_1.bin,C02_1,106,FireSnake,3584,352,23,0,0
course/C02_1.bin,C02_1,106,FireSnake,3760,448,23,0,0
course/C02_1.bin,C02_1,106,FireSnake,3744,320,23,0,0
course/C02_1.bin,C02_1,106,FireSnake,3744,448,23,0,0
course/C02_1.bin,C02_1,34,,3376,352,23,0,0
course/C02_1.bin,C02_1,106,FireSnake,3504,352,23,0,0
course/C02_1.bin,C02_1,162,Object162,1680,464,0,258,32
course/C02_1.bin,C02_1,162,Object162,2288,464,0,258,32
course/C02_1.bin,C02_1,32,,5104,448,0,0,0
course/C02_1.bin,C02_1,162,Object162,2480,464,0,2,32
course/C02_1.bin,C02_1,117,Object117,160,352,0,0,0
course/C02_1.bin,C02_1,132,Object132,1888,464,0,0,0
course/C02_1.bin,C02_1,235,Object235,2656,304,0,256,0
course/C02_1.bin,C02_1,162,Object162,2352,1200,0,28930,39
course/C02_1.bin,C02_1,162,Object162,2112,1216,0,8450,3
course/C02_1.bin,C02_1,57,Object57,1744,352,0,0,0
course/C02_1.bin,C02_1,57,Object57,1728,352,0,0,0
course/C02_1.bin,C02_1,57,Object57,2224,384,0,0,0
course/C02_1.bin,C02_1,57,Object57,2240,384,0,0,0
course/C02_1.bin,C02_1,57,Object57,2352,352,0,0,0
course/C02_1.bin,C02_1,57,Object57,2336,352,0,0,0
course/C02_1.bin,C02_1,57,Object57,2544,352,0,0,0
course/C02_1.bin,C02_1,57,Object57,2528,352,0,0,0
course/C02_1.bin,C02_1,235,Object235,2336,1104,0,0,0
course/C02_1.bin,C02_1,148,Object148,2112,448,0,0,0
course/C02_1.bin,C02_1,148,Object148,2096,448,0,0,0
course/C02_1.bin,C02_1,162,Object162,2384,464,0,258,32
course/C02_1.bin,C02_1,32,,4880,1216,0,0,4096
course/C02_1.bin,C02_1,162,Object162,4672,1136,0,8450,35
course/C02_1.bin,C02_1,45,Object45,1376,400,0,0,0
course/C02_1.bin,C02_1,45,Object45,1392,400,0,0,0
course/C02_1.bin,C02_1,45,Object45,1408,400,0,0,0
course/C02_1.bin,C02_1,162,Object162,3936,1200,0,8965,0
course/C02_1.bin,C02_1,162,Object162,4112,1200,0,4869,0
course/C02_1.bin,C02_1,162,Object162,4176,1104,0,1030,35
course/C02_1.bin,C02_1,162,Object162,4032,1104,0,4614,35
course/C02_1.bin,C02_1,162,Object162,4256,1200,0,8967,0
course/C02_1.bin,C02_1,162,Object162,4448,1104,0,518,35
course/C02_1.bin,C02_1,162,Object162,4304,1104,0,518,35
course/C02_1.bin,C02_1,162,Object162,4384,1152,0,518,35
course/C02_1.bin,C02_1,162,Object162,4528,1168,0,518,3
course/C02_1.bin,C02_1,162,Object162,4592,1200,0,518,35
course/C02_1.bin,C02_1,117,Object117,2160,384,0,17,0
course/C02_1.bin,C02_1,315,Object315,2048,1264,0,34880,250
course/C02_1.bin,C02_1,315,Object315,2064,1264,0,34880,240
course/C02_1.bin,C02_1,174,Object174,4064,416,0,8711,813
course/C02_1.bin,C02_1,150,Object150,4368,384,0,16,0
course/C02_1.bin,C02_1,150,Object150,4704,384,0,16,0
course/C02_1.bin,C02_1,149,Object149,2352,1184,0,1,0
course/C02_2.bin,C02_2,323,Object323,240,736,0,9,0
course/C02_2.bin,C02_2,95,Object95,368,688,0,0,0
course/C02_2.bin,C02_2,66,,416,720,0,0,0
course/C02_2.bin,C02_2,315,Object315,256,752,0,34880,250
course/C02_2.bin,C02_2,315,Object315,272,752,0,34880,240
course/C03_1.bin,C03_1,32,,544,192,0,0,0
course/C03_1.bin,C03_1,231,Object231,1024,192,0,0,21
course/C03_1.bin,C03_1,117,Object117,1088,128,0,8192,0
course/C03_1.bin,C03_1,231,Object231,256,240,0,0,21
course/C03_1.bin,C03_1,321,,256,0,0,20480,33043
course/C03_1.bin,C03_1,322,,272,0,0,40960,291
course/C03_1.bin,C03_1,321,,1024,0,0,20480,33043
course/C03_1.bin,C03_1,322,,1040,0,0,40960,291
course/C03_2.bin,C03_2,48,Object47,1472,224,1,0,0
course/C03_2.bin,C03_2,50,Object50,1536,32,1,0,0
course/C03_2.bin,C03_2,51,Object51,1760,16,1,0,0
course/C03_2.bin,C03_2,51,Object51,1744,48,1,0,0
course/C03_2.bin,C03_2,50,Object50,1952,112,0,0,0
course/C03_2.bin,C03_2,50,Object50,2352,176,0,0,0
course/C03_2.bin,C03_2,50,Object50,2352,336,0,0,0
course/C03_2.bin,C03_2,50,Object50,2336,256,0,0,0
course/C03_2.bin,C03_2,51,Object51,2512,144,0,0,0
course/C03_2.bin,C03_2,51,Object51,2512,224,0,0,0
course/C03_2.bin,C03_2,51,Object51,2512,384,0,0,0
course/C03_2.bin,C03_2,51,Object51,2496,304,0,0,0
course/C03_2.bin,C03_2,57,Object57,1680,32,0,514,0
course/C03_2.bin,C03_2,57,Object57,1040,80,0,514,0
course/C03_2.bin,C03_2,57,Object57,1200,80,0,513,0
course/C03_2.bin,C03_2,57,Object57,1456,304,0,258,0
course/C03_2.bin,C03_2,51,Object51,1648,176,1,0,0
course/C03_2.bin,C03_2,48,Object47,2016,352,0,0,0
course/C03_2.bin,C03_2,211,Object211,272,128,0,0,0
course/C03_2.bin,C03_2,57,Object57,384,112,0,513,0
course/C03_2.bin,C03_2,57,Object57,512,96,0,513,0
course/C03_2.bin,C03_2,57,Object57,208,112,0,513,0
course/C03_2.bin,C03_2,57,Object57,352,128,0,513,0
course/C03_2.bin,C03_2,57,Object57,544,80,0,513,0
course/C03_2.bin,C03_2,57,Object57,640,32,0,513,0
course/C03_2.bin,C03_2,96,Object96,224,224,0,0,0
course/C03_2.bin,C03_2,96,Object96,688,224,0,0,0
course/C03_2.bin,C03_2,96,Object96,944,208,0,0,0
course/C03_2.bin,C03_2,198,Object198,768,64,0,0,4096
course/C03_2.bin,C03_2,49,Object49,1552,240,1,0,0
course/C03_2.bin,C03_2,49,Object49,1632,240,1,0,0
course/C03_2.bin,C03_2,211,Object211,1152,128,0,0,0
course/C03_2.bin,C03_2,31,,1072,128,0,4096,0
course/C03_2.bin,C03_2,31,,1248,144,0,4096,0
course/C03_2.bin,C03_2,57,Object57,896,80,0,513,0
course/C03_2.bin,C03_2,93,Object93,272,176,0,1,0
course/C03_2.bin,C03_2,93,Object93,1712,288,0,32,0
course/C03_2.bin,C03_2,93,Object93,816,224,0,1,1
course/C03_2.bin,C03_2,93,Object93,1936,256,0,96,0
course/C03_2.bin,C03_2,93,Object93,2096,128,0,257,1
course/C03_2.bin,C03_2,51,Object51,1616,144,1,0,0
course/C03_2.bin,C03_2,51,Object51,1728,80,1,0,0
course/C03_2.bin,C03_2,51,Object51,1744,112,1,0,0
course/C03_2.bin,C03_2,107,Object107,1424,480,1,4352,0
course/C03_2.bin,C03_2,199,Object199,1216,240,0,0,0
course/C03_2.bin,C03_2,198,Object198,0,240,0,0,0
course/C03_2.bin,C03_2,211,Object211,1872,304,0,0,0
course/C03_2.bin,C03_2,50,Object50,1952,80,0,0,0
course/C03_2.bin,C03_2,31,,640,112,0,4096,0
course/C03_2.bin,C03_2,31,,752,144,0,4096,0
course/C03_2.bin,C03_2,31,,832,96,0,4096,0
course/C03_2.bin,C03_2,211,Object211,1280,480,0,0,0
course/C03_2.bin,C03_2,96,Object96,1296,480,0,0,0
course/C03_2.bin,C03_2,48,Object47,1360,464,1,0,0
course/C03_2.bin,C03_2,211,Object211,784,192,0,0,0
course/C03_2.bin,C03_2,31,,912,176,0,0,0
course/C03_2.bin,C03_2,31,,1008,64,0,0,0
course/C03_2.bin,C03_2,31,,1312,96,0,4096,0
course/C03_2.bin,C03_2,235,Object235,1216,416,0,0,0
course/C03_2.bin,C03_2,34,,1600,400,17,0,0
course/C03_2.bin,C03_2,106,FireSnake,1552,464,17,0,0
course/C03_2.bin,C03_2,106,FireSnake,1520,352,17,0,0
course/C03_2.bin,C03_2,106,FireSnake,1648,320,17,0,0
course/C03_2.bin,C03_2,106,FireSnake,1552,320,17,0,0
course/C03_2.bin,C03_2,106,FireSnake,1648,464,17,0,0
course/C03_2.bin,C03_2,106,FireSnake,1680,352,17,0,0
course/C03_2.bin,C03_2,106,FireSnake,1520,432,17,0,0
course/C03_2.bin,C03_2,106,FireSnake,1680,432,17,0,0
course/C03_2.bin,C03_2,235,Object235,2416,448,13056,512,16
course/C03_2.bin,C03_2,211,Object211,2336,480,51,0,0
course/C03_2.bin,C03_2,211,Object211,2512,480,51,0,0
course/C03_2.bin,C03_2,211,Object211,2512,432,51,0,0
course/C03_2.bin,C03_2,132,Object132,1520,112,0,0,0
course/C03_2.bin,C03_2,316,,16,0,0,43554,45066
course/C03_2.bin,C03_2,317,Object317,32,0,0,26146,0
course/C03_2.bin,C03_2,117,Object117,1600,80,0,4112,0
course/C03_2.bin,C03_2,211,Object211,2336,432,51,0,0
course/C03_2.bin,C03_2,93,Object93,2496,48,0,0,0
course/C03_3.bin,C03_3,211,Object211,432,432,0,0,0
course/C03_3.bin,C03_3,211,Object211,160,32,0,0,0
course/C03_3.bin,C03_3,211,Object211,464,208,0,1,0
course/C03_3.bin,C03_3,211,Object211,576,384,0,1,0
course/C03_3.bin,C03_3,213,Object213,688,336,0,0,0
course/C03_3.bin,C03_3,211,Object211,528,80,0,0,0
course/C03_3.bin,C03_3,211,Object211,256,336,0,1,0
course/C03_3.bin,C03_3,211,Object211,432,32,0,0,0
course/C03_3.bin,C03_3,213,Object213,400,320,0,1,0
course/C03_3.bin,C03_3,316,,48,0,0,43554,45066
course/C03_3.bin,C03_3,317,Object317,64,0,0,26146,0
course/C03_3.bin,C03_3,235,Object235,688,448,12850,256,17
course/C03_3.bin,C03_3,228,Object228,400,160,0,0,0
course/C04_1.bin,C04_1,231,Object231,0,400,0,0,20
course/C04_1.bin,C04_1,116,Object116,368,384,0,0,0
course/C04_1.bin,C04_1,116,Object116,1488,384,0,0,0
course/C04_1.bin,C04_1,116,Object116,2224,368,0,0,0
course/C04_1.bin,C04_1,116,Object116,2816,384,0,0,0
course/C04_1.bin,C04_1,246,Object246,304,384,0,0,0
course/C04_1.bin,C04_1,116,Object116,496,384,0,0,0
course/C04_1.bin,C04_1,79,Object79,1408,384,0,0,257
course/C04_1.bin,C04_1,79,Object79,1584,384,0,0,257
course/C04_1.bin,C04_1,79,Object79,1760,384,0,0,257
course/C04_1.bin,C04_1,116,Object116,1648,384,0,0,0
course/C04_1.bin,C04_1,149,Object149,1312,368,0,1,0
course/C04_1.bin,C04_1,149,Object149,1264,368,0,1,0
course/C04_1.bin,C04_1,116,Object116,2288,368,0,0,0
course/C04_1.bin,C04_1,149,Object149,1936,320,0,1,0
course/C04_1.bin,C04_1,149,Object149,2432,352,0,0,0
course/C04_1.bin,C04_1,149,Object149,2976,368,0,1,0
course/C04_1.bin,C04_1,246,Object246,3248,384,0,0,0
course/C04_1.bin,C04_1,246,Object246,3360,384,0,0,0
course/C04_1.bin,C04_1,246,Object246,3472,384,0,0,0
course/C04_1.bin,C04_1,116,Object116,3280,384,0,0,0
course/C04_1.bin,C04_1,235,Object235,2848,432,0,0,0
course/C04_1.bin,C04_1,246,Object246,3648,384,0,0,0
course/C04_1.bin,C04_1,116,Object116,3584,384,0,0,0
course/C04_1.bin,C04_1,116,Object116,928,384,0,1,0
course/C04_1.bin,C04_1,116,Object116,992,384,0,1,0
course/C04_1.bin,C04_1,149,Object149,736,336,0,1,0
course/C04_1.bin,C04_1,79,Object79,176,1152,0,0,257
course/C04_1.bin,C04_1,79,Object79,832,1136,0,0,257
course/C04_1.bin,C04_1,79,Object79,992,1104,0,0,257
course/C04_1.bin,C04_1,116,Object116,288,1136,0,0,0
course/C04_1.bin,C04_1,116,Object116,928,1136,0,0,0
course/C04_1.bin,C04_1,116,Object116,1040,1136,0,0,0
course/C04_1.bin,C04_1,150,Object150,912,1072,0,32,0
course/C04_1.bin,C04_1,150,Object150,1088,1056,0,32,0
course/C04_1.bin,C04_1,231,Object231,32,1168,0,0,20
course/C04_1.bin,C04_1,116,Object116,576,1152,0,0,0
course/C04_1.bin,C04_1,231,Object231,2832,976,0,0,20
course/C04_1.bin,C04_1,235,Object235,3248,848,0,512,0
course/C04_1.bin,C04_1,31,,2928,992,0,0,0
course/C04_1.bin,C04_1,31,,3104,976,0,0,0
course/C04_1.bin,C04_1,31,,3280,992,0,0,0
course/C04_1.bin,C04_1,31,,3408,976,0,0,0
course/C04_1.bin,C04_1,31,,3552,992,0,0,0
course/C04_1.bin,C04_1,149,Object149,3120,368,0,1,0
course/C04_1.bin,C04_1,149,Object149,3360,352,0,1,0
course/C04_1.bin,C04_1,149,Object149,3552,368,0,1,0
course/C04_1.bin,C04_1,108,Object108,2416,416,0,257,256
course/C04_1.bin,C04_1,117,Object117,192,336,0,4096,0
course/C04_1.bin,C04_1,132,Object132,2448,336,0,0,0
course/C04_1.bin,C04_1,117,Object117,2464,304,0,4112,0
course/C04_1.bin,C04_1,321,,0,256,0,20480,33043
course/C04_1.bin,C04_1,322,,16,256,0,40960,291
course/C04_1.bin,C04_1,321,,2816,832,0,20480,33043
course/C04_1.bin,C04_1,322,,2832,832,0,40960,291
course/C04_1.bin,C04_1,321,,0,1024,0,20480,33043
course/C04_1.bin,C04_1,322,,16,1024,0,40960,291
course/C04_1.bin,C04_1,34,,704,480,17,0,0
course/C04_1.bin,C04_1,106,FireSnake,864,320,17,0,0
course/C04_1.bin,C04_1,106,FireSnake,688,304,17,0,0
course/C04_1.bin,C04_1,106,FireSnake,640,352,17,0,0
course/C04_1.bin,C04_1,106,FireSnake,640,432,17,0,0
course/C04_1.bin,C04_1,106,FireSnake,752,272,17,0,0
course/C04_1.bin,C04_1,106,FireSnake,864,448,17,0,0
course/C04_1.bin,C04_1,106,FireSnake,800,272,17,0,0
course/C04_1.bin,C04_1,106,FireSnake,880,384,17,0,0
course/C04_1.bin,C04_1,235,Object235,3360,256,0,256,0
course/C04_2.bin,C04_2,32,,576,192,0,0,0
course/C04_2.bin,C04_2,32,,992,512,0,0,0
course/C04_2.bin,C04_2,321,,256,0,0,20480,33043
course/C04_2.bin,C04_2,322,,272,0,0,40960,291
course/C04_2.bin,C04_2,231,Object231,272,240,0,0,20
course/C04_3.bin,C04_3,222,Object222,160,128,0,0,0
course/C04_3.bin,C04_3,222,Object222,192,32,0,0,0
course/C04_3.bin,C04_3,222,Object222,160,32,0,0,0
course/C04_3.bin,C04_3,222,Object222,48,32,0,0,0
course/C04_3.bin,C04_3,222,Object222,32,32,0,0,0
course/C04_3.bin,C04_3,222,Object222,176,32,0,0,0
course/C04_3.bin,C04_3,222,Object222,80,128,0,0,0
course/C04_3.bin,C04_3,222,Object222,176,128,0,0,0
course/C04_3.bin,C04_3,222,Object222,80,32,0,0,0
course/C04_3.bin,C04_3,222,Object222,96,32,0,0,0
course/C04_3.bin,C04_3,316,,32,0,0,43554,45066
course/C04_3.bin,C04_3,317,Object317,48,0,0,26146,0
course/C05_1.bin,C05_1,23,Object23,192,384,0,0,0
course/C05_1.bin,C05_1,23,Object23,320,416,0,0,0
course/C05_1.bin,C05_1,24,Object24,704,368,0,0,0
course/C05_1.bin,C05_1,23,Object23,608,432,0,1,0
course/C05_1.bin,C05_1,24,Object24,864,400,0,0,0
course/C05_1.bin,C05_1,23,Object23,1040,368,0,1,0
course/C05_1.bin,C05_1,235,Object235,1328,416,0,0,0
course/C05_1.bin,C05_1,24,Object24,1792,336,0,0,0
course/C05_1.bin,C05_1,24,Object24,1936,304,0,1,0
course/C05_1.bin,C05_1,23,Object23,1680,416,0,1,0
course/C05_1.bin,C05_1,23,Object23,1888,432,0,0,0
course/C05_1.bin,C05_1,23,Object23,1584,416,0,0,0
course/C05_1.bin,C05_1,24,Object24,1744,304,0,0,0
course/C05_1.bin,C05_1,24,Object24,1648,304,0,0,0
course/C05_1.bin,C05_1,24,Object24,2016,336,0,0,0
course/C05_1.bin,C05_1,235,Object235,2080,304,0,272,0
course/C05_1.bin,C05_1,32,,3136,448,0,0,0
course/C05_1.bin,C05_1,23,Object23,2304,352,0,0,0
course/C05_1.bin,C05_1,23,Object23,2480,336,0,0,0
course/C05_1.bin,C05_1,23,Object23,2608,432,0,0,0
course/C05_1.bin,C05_1,23,Object23,2960,368,0,0,0
course/C05_1.bin,C05_1,24,Object24,2304,416,0,0,0
course/C05_1.bin,C05_1,24,Object24,2480,400,0,1,0
course/C05_1.bin,C05_1,24,Object24,2960,416,0,0,0
course/C05_1.bin,C05_1,25,Object25,2336,384,0,0,0
course/C05_1.bin,C05_1,25,Object25,2512,368,0,0,0
course/C05_1.bin,C05_1,26,Object26,2448,368,0,0,0
course/C05_1.bin,C05_1,280,Object280,2208,304,0,65304,192
course/C05_1.bin,C05_1,24,Object24,2800,416,0,0,0
course/C05_1.bin,C05_1,24,Object24,2704,320,0,0,0
course/C05_1.bin,C05_1,25,Object25,2736,400,0,0,0
course/C05_1.bin,C05_1,26,Object26,2672,400,0,0,0
course/C05_1.bin,C05_1,24,Object24,2832,320,0,1,0
course/C05_1.bin,C05_1,235,Object235,2832,416,0,512,0
course/C05_1.bin,C05_1,117,Object117,160,400,0,0,0
course/C05_1.bin,C05_1,132,Object132,2048,400,0,0,0
course/C05_1.bin,C05_1,117,Object117,2224,416,0,8209,0
course/C05_2.bin,C05_2,24,Object24,208,368,0,0,0
course/C05_2.bin,C05_2,23,Object23,112,448,0,0,0
course/C05_2.bin,C05_2,228,Object228,64,416,0,0,0
course/C05_2.bin,C05_2,24,Object24,144,368,0,0,0
course/C05_2.bin,C05_2,24,Object24,288,304,0,0,0
course/C05_2.bin,C05_2,24,Object24,384,304,0,0,0
course/C06_1.bin,C06_1,231,Object231,16,480,0,0,31
course/C06_1.bin,C06_1,283,Object274,240,496,0,0,0
course/C06_1.bin,C06_1,148,Object148,368,432,0,0,0
course/C06_1.bin,C06_1,149,Object149,544,400,0,1,0
course/C06_1.bin,C06_1,148,Object148,784,432,0,0,0
course/C06_1.bin,C06_1,149,Object149,752,432,0,1,0
course/C06_1.bin,C06_1,149,Object149,1680,416,0,1,0
course/C06_1.bin,C06_1,235,Object235,1424,432,0,16,0
course/C06_1.bin,C06_1,132,Object132,2736,352,0,0,0
course/C06_1.bin,C06_1,117,Object117,304,352,0,1,0
course/C06_1.bin,C06_1,130,Object130,1936,480,0,0,0
course/C06_1.bin,C06_1,130,Object130,2080,480,0,0,0
course/C06_1.bin,C06_1,130,Object130,2176,480,0,0,0
course/C06_1.bin,C06_1,130,Object130,2304,480,0,0,0
course/C06_1.bin,C06_1,130,Object130,2352,464,0,0,0
course/C06_1.bin,C06_1,130,Object130,2368,480,0,0,0
course/C06_1.bin,C06_1,130,Object130,2480,480,0,0,0
course/C06_1.bin,C06_1,117,Object117,2928,368,0,4113,0
course/C06_1.bin,C06_1,321,,96,336,0,20480,33043
course/C06_1.bin,C06_1,322,,128,336,0,40960,291
course/C06_1.bin,C06_1,149,Object149,3488,352,0,1,0
course/C06_1.bin,C06_1,283,Object274,3728,496,0,256,0
course/C06_1.bin,C06_1,149,Object149,3840,432,0,1,0
course/C06_1.bin,C06_1,66,,3456,384,1,1,0
course/C06_1.bin,C06_1,150,Object150,4112,400,0,16,0
course/C06_1.bin,C06_1,150,Object150,4272,400,0,16,0
course/C06_1.bin,C06_1,149,Object149,3888,432,0,1,0
course/C06_1.bin,C06_1,235,Object235,3216,400,0,273,0
course/C06_2.bin,C06_2,32,,832,288,0,0,0
course/C06_2.bin,C06_2,235,Object235,320,192,0,512,0
course/C06_2.bin,C06_2,198,Object198,576,336,0,0,0
course/C06_2.bin,C06_2,199,Object199,1056,336,0,0,0
course/C06_2.bin,C06_2,231,Object231,272,336,0,0,31
course/C06_2.bin,C06_2,321,,400,128,0,20480,33043
course/C06_2.bin,C06_2,322,,432,128,0,40960,291
course/C07_1.bin,C07_1,107,Object107,592,1200,2,256,0
course/C07_1.bin,C07_1,38,Object38,1104,1232,0,0,0
course/C07_1.bin,C07_1,235,Object235,1600,928,0,256,0
course/C07_1.bin,C07_1,38,Object38,1328,1088,0,0,0
course/C07_1.bin,C07_1,38,Object38,1440,1104,0,0,0
course/C07_1.bin,C07_1,107,Object107,1824,1248,2,256,0
course/C07_1.bin,C07_1,68,Object68,1696,1216,0,3075,0
course/C07_1.bin,C07_1,38,Object38,1872,1184,0,0,0
course/C07_1.bin,C07_1,38,Object38,752,800,0,0,0
course/C07_1.bin,C07_1,38,Object38,912,960,0,0,0
course/C07_1.bin,C07_1,292,,2064,1168,1,512,0
course/C07_1.bin,C07_1,167,Object166,2112,1200,270,16,13840
course/C07_1.bin,C07_1,284,Object274,1296,1152,0,0,0
course/C07_1.bin,C07_1,291,,2112,1200,1,256,4096
course/C07_1.bin,C07_1,292,,1856,1248,1,769,0
course/C07_1.bin,C07_1,310,Object310,0,800,0,26656,8352
course/C07_1.bin,C07_1,310,Object310,16,800,0,26640,117
course/C07_1.bin,C07_1,117,Object117,336,1136,0,0,0
course/C07_1.bin,C07_1,276,Object276,672,1264,0,176,0
course/C07_1.bin,C07_1,276,Object276,1568,960,0,257,0
course/C07_1.bin,C07_1,167,Object166,1824,1248,526,16,13840
course/C07_2.bin,C07_2,107,Object107,528,944,14,256,13824
course/C07_2.bin,C07_2,284,Object274,864,656,0,0,0
course/C07_2.bin,C07_2,284,Object274,1008,544,0,0,0
course/C07_2.bin,C07_2,38,Object38,400,976,0,0,0
course/C07_2.bin,C07_2,235,Object235,1488,464,0,512,0
course/C07_2.bin,C07_2,310,Object310,16,400,0,26656,8352
course/C07_2.bin,C07_2,310,Object310,16,400,0,26640,117
course/C07_2.bin,C07_2,228,Object228,80,752,0,0,0
course/C07_2.bin,C07_2,198,Object198,1792,176,0,0,0
course/C07_2.bin,C07_2,199,Object199,2032,176,0,0,0
course/C07_2.bin,C07_2,284,Object274,1984,672,0,0,0
course/C07_2.bin,C07_2,284,Object274,1920,672,0,0,0
course/C07_2.bin,C07_2,284,Object274,2048,672,0,0,0
course/C07_2.bin,C07_2,284,Object274,2112,672,0,0,0
course/C07_2.bin,C07_2,235,Object235,1952,544,0,0,0
course/C07_2.bin,C07_2,310,Object310,1792,0,0,26656,8352
course/C07_2.bin,C07_2,310,Object310,1808,0,0,26640,117
course/C07_2.bin,C07_2,310,Object310,1792,512,0,26656,8352
course/C07_2.bin,C07_2,310,Object310,1808,512,0,26640,117
course/C07_2.bin,C07_2,310,Object310,1504,400,0,26656,8352
course/C07_3.bin,C07_3,32,,1456,176,0,0,0
course/C07_3.bin,C07_3,32,,528,192,0,0,4096
course/C07_3.bin,C07_3,310,Object310,144,64,0,26656,8352
course/C07_3.bin,C07_3,310,Object310,160,64,0,26640,117
course/C07_3.bin,C07_3,310,Object310,1024,48,0,26656,8352
course/C07_3.bin,C07_3,310,Object310,1040,48,0,26640,117
course/C07_3.bin,C07_3,38,Object38,144,80,0,0,0
course/C08_1.bin,C08_1,180,Object180,1088,2608,0,0,0
course/C08_1.bin,C08_1,180,Object180,1088,2464,0,0,0
course/C08_1.bin,C08_1,180,Object180,1120,2528,0,4097,0
course/C08_1.bin,C08_1,180,Object180,1232,2080,0,0,0
course/C08_1.bin,C08_1,180,Object180,1344,2144,0,4097,0
course/C08_1.bin,C08_1,180,Object180,1104,1792,0,0,0
course/C08_1.bin,C08_1,180,Object180,1056,1712,0,0,0
course/C08_1.bin,C08_1,224,Object224,1200,2272,0,0,0
course/C08_1.bin,C08_1,189,Object189,1216,3040,0,4,0
course/C08_1.bin,C08_1,189,Object189,1152,3040,0,0,0
course/C08_1.bin,C08_1,189,Object189,1280,3040,0,3,0
course/C08_1.bin,C08_1,224,Object224,1184,1712,0,0,0
course/C08_1.bin,C08_1,109,Object109,1296,1712,0,32,0
course/C08_1.bin,C08_1,109,Object109,1296,1744,0,32,0
course/C08_1.bin,C08_1,149,Object149,1200,2208,0,1,0
course/C08_1.bin,C08_1,109,Object109,1296,1680,0,32,0
course/C08_1.bin,C08_1,109,Object109,1296,1776,0,0,0
course/C08_1.bin,C08_1,57,Object57,1104,1904,0,0,0
course/C08_1.bin,C08_1,57,Object57,1104,1888,0,0,0
course/C08_1.bin,C08_1,57,Object57,1056,2080,0,256,0
course/C08_1.bin,C08_1,57,Object57,1088,2080,0,256,0
course/C08_1.bin,C08_1,57,Object57,1120,2080,0,256,0
course/C08_1.bin,C08_1,235,Object235,1072,1888,0,256,0
course/C08_1.bin,C08_1,57,Object57,1056,1904,0,0,0
course/C08_1.bin,C08_1,57,Object57,1056,1888,0,0,0
course/C08_1.bin,C08_1,235,Object235,1040,2240,0,0,0
course/C08_1.bin,C08_1,57,Object57,1376,1968,0,256,0
course/C08_1.bin,C08_1,57,Object57,1328,1968,0,256,0
course/C08_1.bin,C08_1,149,Object149,1152,1008,0,1,0
course/C08_1.bin,C08_1,117,Object117,1360,2944,0,4096,0
course/C08_1.bin,C08_1,108,Object108,528,1952,0,256,256
course/C08_1.bin,C08_1,223,Object223,624,1808,0,0,0
course/C08_1.bin,C08_1,57,Object57,544,1776,0,0,0
course/C08_1.bin,C08_1,57,Object57,544,1808,0,0,0
course/C08_1.bin,C08_1,57,Object57,544,1840,0,0,0
course/C08_1.bin,C08_1,57,Object57,720,1776,0,256,0
course/C08_1.bin,C08_1,57,Object57,720,1808,0,256,0
course/C08_1.bin,C08_1,57,Object57,720,1840,0,256,0
course/C08_1.bin,C08_1,224,Object224,32,1872,0,0,0
course/C08_1.bin,C08_1,180,Object180,80,1376,0,4113,0
course/C08_1.bin,C08_1,180,Object180,176,1488,0,0,0
course/C08_1.bin,C08_1,180,Object180,80,1552,0,4369,0
course/C08_1.bin,C08_1,180,Object180,48,1568,0,272,0
course/C08_1.bin,C08_1,180,Object180,32,1664,0,0,0
course/C08_1.bin,C08_1,180,Object180,48,1792,0,0,0
course/C08_1.bin,C08_1,180,Object180,48,1728,0,4353,0
course/C08_1.bin,C08_1,180,Object180,32,1888,0,4353,0
course/C08_1.bin,C08_1,180,Object180,192,1904,0,0,0
course/C08_1.bin,C08_1,180,Object180,112,1648,0,4353,0
course/C08_1.bin,C08_1,149,Object149,1248,1920,0,1,0
course/C08_1.bin,C08_1,149,Object149,1072,1968,0,1,0
course/C08_1.bin,C08_1,180,Object180,544,1392,0,4097,0
course/C08_1.bin,C08_1,180,Object180,624,1408,0,4353,0
course/C08_1.bin,C08_1,180,Object180,560,1520,0,4097,0
course/C08_1.bin,C08_1,180,Object180,640,1520,0,272,0
course/C08_1.bin,C08_1,180,Object180,704,1424,0,4097,0
course/C08_1.bin,C08_1,180,Object180,1152,928,0,4113,0
course/C08_1.bin,C08_1,180,Object180,1280,944,0,272,0
course/C08_1.bin,C08_1,235,Object235,656,1168,0,512,0
course/C08_1.bin,C08_1,180,Object180,64,1440,0,4113,0
course/C08_1.bin,C08_1,180,Object180,1216,928,0,4369,0
course/C08_1.bin,C08_1,57,Object57,1168,1712,0,0,0
course/C08_1.bin,C08_1,57,Object57,1376,1712,0,0,0
course/C08_1.bin,C08_1,57,Object57,1376,1760,0,0,0
course/C08_1.bin,C08_1,57,Object57,1168,1760,0,0,0
course/C08_1.bin,C08_1,109,Object109,1280,2272,0,32,0
course/C08_1.bin,C08_1,109,Object109,1280,2304,0,32,0
course/C08_1.bin,C08_1,109,Object109,1280,2240,0,32,0
course/C08_1.bin,C08_1,109,Object109,1280,2336,0,0,0
course/C08_2.bin,C08_2,220,Object220,480,432,0,529,0
course/C08_2.bin,C08_2,231,Object231,256,480,0,0,18
course/C09_1.bin,C09_1,304,Object304,224,336,0,128,8
course/C09_1.bin,C09_1,304,Object304,448,352,0,128,8
course/C09_1.bin,C09_1,304,Object304,624,352,0,128,8
course/C09_1.bin,C09_1,304,Object304,768,320,0,128,8
course/C09_1.bin,C09_1,231,Object231,0,496,0,0,20
course/C09_1.bin,C09_1,307,Object307,1168,464,0,160,2054
course/C09_1.bin,C09_1,304,Object304,1264,320,0,128,2056
course/C09_1.bin,C09_1,235,Object235,944,448,0,0,0
course/C09_1.bin,C09_1,304,Object304,960,336,0,128,8
course/C09_1.bin,C09_1,53,Object53,1136,416,0,0,0
course/C09_1.bin,C09_1,64,Object64,1520,448,0,16,0
course/C09_1.bin,C09_1,64,Object64,1616,448,0,16,0
course/C09_1.bin,C09_1,64,Object64,1744,464,0,16,0
course/C09_1.bin,C09_1,173,Object173,2288,336,0,97,256
course/C09_1.bin,C09_1,64,Object64,2416,448,0,1,0
course/C09_1.bin,C09_1,307,Object307,2592,464,0,128,2056
course/C09_1.bin,C09_1,304,Object304,2864,368,0,208,2052
course/C09_1.bin,C09_1,304,Object304,2960,368,0,192,2053
course/C09_1.bin,C09_1,307,Object307,3056,464,0,176,2054
course/C09_1.bin,C09_1,304,Object304,3152,368,0,144,2056
course/C09_1.bin,C09_1,307,Object307,3216,432,0,128,2057
course/C09_1.bin,C09_1,304,Object304,3280,368,0,112,2058
course/C09_1.bin,C09_1,235,Object235,1728,320,0,272,0
course/C09_1.bin,C09_1,307,Object307,3424,480,0,128,8
course/C09_1.bin,C09_1,304,Object304,3696,320,0,128,8
course/C09_1.bin,C09_1,235,Object235,3776,352,0,512,0
course/C09_1.bin,C09_1,132,Object132,1376,416,0,0,0
course/C09_2.bin,C09_2,231,Object231,128,352,0,0,20
course/C09_2.bin,C09_2,39,Object39,736,288,48,4,0
course/C09_2.bin,C09_2,65,Object65,800,384,48,0,0
course/C09_2.bin,C09_2,129,Object129,752,288,0,0,0
course/C10_1.bin,C10_1,128,Object128,384,432,0,0,24576
course/C10_1.bin,C10_1,231,Object231,0,496,0,0,20
course/C10_1.bin,C10_1,228,Object228,752,416,0,0,0
course/D01_1.bin,D01_1,226,Object226,432,576,0,48,0
course/D01_1.bin,D01_1,226,Object226,608,576,0,48,0
course/D01_1.bin,D01_1,226,Object226,800,576,0,64,0
course/D01_1.bin,D01_1,226,Object226,1120,576,0,64,0
course/D01_1.bin,D01_1,226,Object226,1296,592,0,48,0
course/D01_1.bin,D01_1,226,Object226,1504,576,0,48,0
course/D01_1.bin,D01_1,226,Object226,1536,576,0,48,0
course/D01_1.bin,D01_1,226,Object226,1744,576,0,48,0
course/D01_1.bin,D01_1,259,Object259,432,752,0,0,25
course/D01_1.bin,D01_1,149,Object149,400,688,0,1,0
course/D01_1.bin,D01_1,226,Object226,1824,576,0,48,0
course/D01_1.bin,D01_1,103,Object103,2048,752,0,255,0
course/D01_1.bin,D01_1,226,Object226,2208,560,0,32,0
course/D01_1.bin,D01_1,226,Object226,2496,576,0,32,0
course/D01_1.bin,D01_1,226,Object226,2624,576,0,48,0
course/D01_1.bin,D01_1,226,Object226,2768,576,0,48,0
course/D01_1.bin,D01_1,226,Object226,2992,576,0,48,0
course/D01_1.bin,D01_1,226,Object226,3824,592,0,48,0
course/D01_1.bin,D01_1,226,Object226,3904,592,0,48,0
course/D01_1.bin,D01_1,226,Object226,4000,592,0,64,0
course/D01_1.bin,D01_1,148,Object148,1072,704,0,0,0
course/D01_1.bin,D01_1,148,Object148,4144,608,0,0,0
course/D01_1.bin,D01_1,148,Object148,4160,608,0,0,0
course/D01_1.bin,D01_1,149,Object149,1040,640,0,1,0
course/D01_1.bin,D01_1,149,Object149,1456,672,0,1,0
course/D01_1.bin,D01_1,149,Object149,1664,640,0,1,0
course/D01_1.bin,D01_1,149,Object149,1920,656,0,1,0
course/D01_1.bin,D01_1,149,Object149,3264,688,0,0,0
course/D01_1.bin,D01_1,149,Object149,3200,704,0,1,0
course/D01_1.bin,D01_1,226,Object226,2368,576,0,48,0
course/D01_1.bin,D01_1,235,Object235,1552,576,0,0,0
course/D01_1.bin,D01_1,235,Object235,2400,592,0,256,0
course/D01_1.bin,D01_1,235,Object235,3856,704,0,512,0
course/D01_1.bin,D01_1,226,Object226,4288,576,0,48,0
course/D01_1.bin,D01_1,32,,4176,208,0,0,4096
course/D01_1.bin,D01_1,32,,4368,704,0,0,0
course/D01_1.bin,D01_1,132,Object132,2032,688,0,0,0
course/D01_1.bin,D01_1,117,Object117,144,672,0,1,0
course/D01_1.bin,D01_1,149,Object149,544,688,0,1,0
course/D01_1.bin,D01_1,226,Object226,752,576,0,64,0
course/D01_1.bin,D01_1,226,Object226,704,576,0,64,0
course/D01_1.bin,D01_1,321,,16,512,0,20480,33043
course/D01_1.bin,D01_1,322,,32,512,0,40960,291
course/D01_1.bin,D01_1,117,Object117,2000,624,0,16,0
course/D01_1.bin,D01_1,321,,3632,96,0,20480,33043
course/D01_1.bin,D01_1,322,,3648,96,0,40960,291
course/D01_1.bin,D01_1,148,Object148,1008,704,0,0,0
course/D01_1.bin,D01_1,57,Object57,1184,624,0,0,256
course/D01_1.bin,D01_1,57,Object57,1200,624,0,0,256
course/D01_1.bin,D01_1,226,Object226,3424,576,0,48,0
course/D01_1.bin,D01_1,226,Object226,3568,576,0,48,0
course/D01_1.bin,D01_1,226,Object226,3712,576,0,48,0
course/D01_1.bin,D01_1,226,Object226,3888,64,0,48,0
course/D01_1.bin,D01_1,226,Object226,3968,64,0,48,0
course/D01_1.bin,D01_1,226,Object226,4048,64,0,48,0
course/D01_1.bin,D01_1,149,Object149,1248,688,0,1,0
course/D02_1.bin,D02_1,238,Object238,432,640,0,16,0
course/D02_1.bin,D02_1,238,Object238,736,688,0,16,0
course/D02_1.bin,D02_1,238,Object238,864,656,0,16,0
course/D02_1.bin,D02_1,238,Object238,992,688,0,16,0
course/D02_1.bin,D02_1,149,Object149,1328,640,0,1,0
course/D02_1.bin,D02_1,238,Object238,1328,656,0,16,0
course/D02_1.bin,D02_1,238,Object238,1680,704,0,48,0
course/D02_1.bin,D02_1,238,Object238,1856,704,0,32,0
course/D02_1.bin,D02_1,238,Object238,2112,656,0,0,0
course/D02_1.bin,D02_1,238,Object238,2256,624,0,32,0
course/D02_1.bin,D02_1,150,Object150,2176,640,0,32,0
course/D02_1.bin,D02_1,238,Object238,2656,688,0,17,0
course/D02_1.bin,D02_1,238,Object238,2800,640,0,32,0
course/D02_1.bin,D02_1,238,Object238,2976,624,0,32,0
course/D02_1.bin,D02_1,238,Object238,3152,656,0,16,0
course/D02_1.bin,D02_1,238,Object238,3712,688,0,17,0
course/D02_1.bin,D02_1,235,Object235,1904,560,0,8208,0
course/D02_1.bin,D02_1,238,Object238,3920,624,0,16,0
course/D02_1.bin,D02_1,32,,4880,704,0,0,0
course/D02_1.bin,D02_1,149,Object149,2768,720,0,1,0
course/D02_1.bin,D02_1,149,Object149,3056,720,0,1,0
course/D02_1.bin,D02_1,238,Object238,4688,640,0,32,0
course/D02_1.bin,D02_1,149,Object149,2256,608,0,1,0
course/D02_1.bin,D02_1,150,Object150,160,624,0,32,0
course/D02_1.bin,D02_1,150,Object150,2576,640,0,32,0
course/D02_1.bin,D02_1,150,Object150,3248,656,0,33,0
course/D02_1.bin,D02_1,148,Object148,1680,608,0,0,0
course/D02_1.bin,D02_1,235,Object235,2320,672,0,8448,0
course/D02_1.bin,D02_1,198,Object198,0,560,0,0,4096
course/D02_1.bin,D02_1,34,,2720,672,1,0,0
course/D02_1.bin,D02_1,106,FireSnake,3040,608,1,0,0
course/D02_1.bin,D02_1,106,FireSnake,3072,640,1,0,0
course/D02_1.bin,D02_1,106,FireSnake,2896,672,1,0,0
course/D02_1.bin,D02_1,106,FireSnake,2752,624,1,0,0
course/D02_1.bin,D02_1,106,FireSnake,2800,608,1,0,0
course/D02_1.bin,D02_1,106,FireSnake,2992,592,1,0,0
course/D02_1.bin,D02_1,106,FireSnake,2896,592,1,0,0
course/D02_1.bin,D02_1,199,Object199,5104,560,0,0,4096
course/D02_1.bin,D02_1,106,FireSnake,2848,592,1,0,0
course/D02_1.bin,D02_1,148,Object148,912,640,0,0,0
course/D02_1.bin,D02_1,148,Object148,1040,672,0,0,0
course/D02_1.bin,D02_1,132,Object132,2016,624,0,0,0
course/D02_1.bin,D02_1,117,Object117,192,592,0,1,0
course/D02_1.bin,D02_1,117,Object117,2080,656,0,17,0
course/D02_1.bin,D02_1,155,Object155,3520,464,0,321,33
course/D02_1.bin,D02_1,238,Object238,4160,704,0,48,0
course/D02_1.bin,D02_1,238,Object238,4352,704,0,48,0
course/D02_1.bin,D02_1,238,Object238,4560,704,0,48,0
course/D02_1.bin,D02_1,149,Object149,3552,592,0,1,0
course/D02_1.bin,D02_1,149,Object149,4528,688,0,1,0
course/D02_1.bin,D02_1,149,Object149,3840,688,0,1,0
course/D02_2.bin,D02_2,155,Object155,256,544,0,3858,4112
course/D02_2.bin,D02_2,235,Object235,272,32,0,512,0
course/D02_2.bin,D02_2,323,Object323,320,384,0,1,0
course/D02_2.bin,D02_2,323,Object323,416,336,0,0,0
course/D02_2.bin,D02_2,323,Object323,240,464,0,15,0
course/D02_2.bin,D02_2,315,Object315,256,496,0,34880,250
course/D02_2.bin,D02_2,315,Object315,272,496,0,34880,240
course/D02_2.bin,D02_2,323,Object323,352,112,0,1,0
course/D02_2.bin,D02_2,323,Object323,256,176,0,0,0
course/D03_1.bin,D03_1,32,,464,208,0,0,0
course/D03_1.bin,D03_1,148,Object148,304,96,0,0,0
course/D03_1.bin,D03_1,117,Object117,1264,128,0,0,0
course/D03_1.bin,D03_1,321,,16,80,0,20480,33043
course/D03_1.bin,D03_1,322,,32,80,0,40960,291
course/D03_1.bin,D03_1,321,,1024,96,0,20480,33043
course/D03_1.bin,D03_1,322,,1040,96,0,40960,291
course/D03_2.bin,D03_2,96,Object96,128,480,0,0,0
course/D03_2.bin,D03_2,96,Object96,720,480,0,0,0
course/D03_2.bin,D03_2,96,Object96,1440,480,0,0,0
course/D03_2.bin,D03_2,48,Object47,2752,464,1,0,0
course/D03_2.bin,D03_2,93,Object93,64,480,0,1,0
course/D03_2.bin,D03_2,57,Object57,1728,352,0,257,0
course/D03_2.bin,D03_2,57,Object57,2000,432,0,257,0
course/D03_2.bin,D03_2,251,Object251,624,352,0,16,0
course/D03_2.bin,D03_2,251,Object251,1360,464,0,16,0
course/D03_2.bin,D03_2,218,Object218,208,416,0,256,2
course/D03_2.bin,D03_2,57,Object57,464,400,0,257,0
course/D03_2.bin,D03_2,57,Object57,416,368,0,257,0
course/D03_2.bin,D03_2,57,Object57,624,448,0,257,0
course/D03_2.bin,D03_2,57,Object57,1120,336,0,257,0
course/D03_2.bin,D03_2,31,,352,352,0,0,0
course/D03_2.bin,D03_2,31,,400,464,0,0,0
course/D03_2.bin,D03_2,31,,528,432,0,0,0
course/D03_2.bin,D03_2,31,,848,416,0,0,0
course/D03_2.bin,D03_2,31,,960,384,0,0,0
course/D03_2.bin,D03_2,31,,672,416,0,0,0
course/D03_2.bin,D03_2,31,,560,368,0,0,0
course/D03_2.bin,D03_2,31,,1296,368,0,0,0
course/D03_2.bin,D03_2,31,,1184,336,0,0,0
course/D03_2.bin,D03_2,31,,1152,416,0,0,0
course/D03_2.bin,D03_2,92,Object92,1616,464,0,17,0
course/D03_2.bin,D03_2,92,Object92,2160,480,0,17,0
course/D03_2.bin,D03_2,48,Object47,2816,480,1,0,0
course/D03_2.bin,D03_2,48,Object47,2912,496,1,0,0
course/D03_2.bin,D03_2,107,Object107,2592,336,1,4353,0
course/D03_2.bin,D03_2,92,Object92,3136,416,0,17,0
course/D03_2.bin,D03_2,251,Object251,1968,352,0,16,0
course/D03_2.bin,D03_2,251,Object251,2720,336,0,16,0
course/D03_2.bin,D03_2,251,Object251,3312,464,0,16,0
course/D03_2.bin,D03_2,92,Object92,1456,352,0,17,0
course/D03_2.bin,D03_2,92,Object92,2032,480,0,1,0
course/D03_2.bin,D03_2,235,Object235,2096,480,0,256,0
course/D03_2.bin,D03_2,235,Object235,2896,976,0,512,0
course/D03_2.bin,D03_2,92,Object92,1664,464,0,1,0
course/D03_2.bin,D03_2,57,Object57,2368,416,0,257,0
course/D03_2.bin,D03_2,57,Object57,2480,352,0,258,0
course/D03_2.bin,D03_2,57,Object57,2816,384,0,257,0
course/D03_2.bin,D03_2,31,,1856,480,0,0,0
course/D03_2.bin,D03_2,31,,2400,384,0,0,0
course/D03_2.bin,D03_2,31,,2128,384,0,0,0
course/D03_2.bin,D03_2,235,Object235,1072,432,0,0,0
course/D03_2.bin,D03_2,92,Object92,3664,352,0,17,0
course/D03_2.bin,D03_2,92,Object92,2304,352,0,17,0
course/D03_2.bin,D03_2,49,Object49,2640,336,1,0,0
course/D03_2.bin,D03_2,92,Object92,3808,448,0,17,0
course/D03_2.bin,D03_2,57,Object57,3056,336,0,258,0
course/D03_2.bin,D03_2,57,Object57,3248,432,0,258,0
course/D03_2.bin,D03_2,57,Object57,3984,336,0,258,0
course/D03_2.bin,D03_2,48,Object47,2704,480,1,0,0
course/D03_2.bin,D03_2,31,,2560,400,0,0,0
course/D03_2.bin,D03_2,31,,2640,480,0,0,0
course/D03_2.bin,D03_2,31,,3056,480,0,0,0
course/D03_2.bin,D03_2,31,,3216,336,0,0,0
course/D03_2.bin,D03_2,31,,3008,448,0,0,0
course/D03_2.bin,D03_2,31,,3664,464,0,0,0
course/D03_2.bin,D03_2,31,,4016,448,0,0,0
course/D03_2.bin,D03_2,57,Object57,3280,352,0,258,0
course/D03_2.bin,D03_2,31,,3472,368,0,0,0
course/D03_2.bin,D03_2,34,,1344,368,17,0,0
course/D03_2.bin,D03_2,106,FireSnake,1424,416,17,0,0
course/D03_2.bin,D03_2,106,FireSnake,1536,464,17,0,0
course/D03_2.bin,D03_2,106,FireSnake,1536,352,17,0,0
course/D03_2.bin,D03_2,106,FireSnake,1632,384,17,0,0
course/D03_2.bin,D03_2,106,FireSnake,1504,352,17,0,0
course/D03_2.bin,D03_2,106,FireSnake,1568,464,17,0,0
course/D03_2.bin,D03_2,106,FireSnake,1456,416,17,0,0
course/D03_2.bin,D03_2,106,FireSnake,1600,384,17,0,0
course/D03_2.bin,D03_2,92,Object92,3808,416,0,17,0
course/D03_2.bin,D03_2,92,Object92,3664,384,0,17,0
course/D03_2.bin,D03_2,48,Object47,2880,496,1,0,0
course/D03_2.bin,D03_2,316,,16,272,0,43554,45066
course/D03_2.bin,D03_2,317,Object317,32,272,0,26146,0
course/D03_2.bin,D03_2,132,Object132,1776,416,0,0,0
course/D03_2.bin,D03_2,117,Object117,1792,416,0,8208,0
course/D03_2.bin,D03_2,218,Object218,1728,416,0,0,256
course/D03_2.bin,D03_2,218,Object218,2944,480,0,256,130
course/D03_2.bin,D03_2,316,,2816,768,0,43554,45066
course/D03_2.bin,D03_2,317,Object317,2832,768,0,26146,0
course/D03_2.bin,D03_2,92,Object92,2912,912,0,17,0
course/D03_2.bin,D03_2,92,Object92,2944,912,0,1,0
course/D03_2.bin,D03_2,50,Object50,2832,976,0,0,0
course/D04_1.bin,D04_1,148,Object148,224,720,0,0,0
course/D04_1.bin,D04_1,235,Object235,1984,416,0,256,0
course/D04_1.bin,D04_1,235,Object235,2976,736,0,512,0
course/D04_1.bin,D04_1,90,Object90,688,736,0,0,0
course/D04_1.bin,D04_1,90,Object90,944,720,0,0,0
course/D04_1.bin,D04_1,235,Object235,1648,688,0,0,0
course/D04_1.bin,D04_1,90,Object90,1344,688,0,0,0
course/D04_1.bin,D04_1,90,Object90,1664,736,0,0,0
course/D04_1.bin,D04_1,149,Object149,1616,624,0,1,0
course/D04_1.bin,D04_1,90,Object90,3984,592,0,0,0
course/D04_1.bin,D04_1,149,Object149,2448,560,0,1,0
course/D04_1.bin,D04_1,148,Object148,2496,592,0,0,0
course/D04_1.bin,D04_1,148,Object148,2528,624,0,0,0
course/D04_1.bin,D04_1,90,Object90,1872,720,0,0,0
course/D04_1.bin,D04_1,149,Object149,2656,704,0,1,0
course/D04_1.bin,D04_1,149,Object149,2736,720,0,0,0
course/D04_1.bin,D04_1,90,Object90,2128,624,0,0,4096
course/D04_1.bin,D04_1,150,Object150,3376,704,0,32,0
course/D04_1.bin,D04_1,150,Object150,3504,640,0,4128,0
course/D04_1.bin,D04_1,150,Object150,3504,624,0,4128,0
course/D04_1.bin,D04_1,150,Object150,3504,672,0,4128,0
course/D04_1.bin,D04_1,150,Object150,3504,656,0,4128,0
course/D04_1.bin,D04_1,150,Object150,3504,704,0,4128,0
course/D04_1.bin,D04_1,150,Object150,3504,688,0,4128,0
course/D04_1.bin,D04_1,150,Object150,3504,736,0,4128,0
course/D04_1.bin,D04_1,150,Object150,3504,720,0,4128,0
course/D04_1.bin,D04_1,90,Object90,3296,688,0,0,0
course/D04_1.bin,D04_1,198,Object198,0,576,0,0,4096
course/D04_1.bin,D04_1,198,Object198,2704,576,0,0,4096
course/D04_1.bin,D04_1,199,Object199,3600,576,0,0,4096
course/D04_1.bin,D04_1,199,Object199,1920,576,0,0,4096
course/D04_1.bin,D04_1,149,Object149,2256,544,0,1,0
course/D04_1.bin,D04_1,149,Object149,576,736,0,1,0
course/D04_1.bin,D04_1,149,Object149,1392,656,0,1,0
course/D04_1.bin,D04_1,90,Object90,352,704,0,0,0
course/D04_1.bin,D04_1,148,Object148,2960,640,0,0,0
course/D04_1.bin,D04_1,132,Object132,2208,656,0,0,0
course/D04_1.bin,D04_1,117,Object117,176,656,0,0,0
course/D04_1.bin,D04_1,32,,4256,720,0,0,0
course/D04_1.bin,D04_1,148,Object148,2880,640,0,0,0
course/D04_1.bin,D04_1,90,Object90,3184,672,0,0,0
course/D04_1.bin,D04_1,321,,0,512,0,20480,33043
course/D04_1.bin,D04_1,322,,16,512,0,40960,291
course/D04_1.bin,D04_1,117,Object117,2144,576,0,8208,0
course/D04_1.bin,D04_1,34,,960,656,17,0,0
course/D04_1.bin,D04_1,106,FireSnake,928,608,17,0,0
course/D04_1.bin,D04_1,106,FireSnake,1040,624,17,0,0
course/D04_1.bin,D04_1,106,FireSnake,928,688,17,0,0
course/D04_1.bin,D04_1,106,FireSnake,1040,672,17,0,0
course/D04_1.bin,D04_1,106,FireSnake,880,672,17,0,0
course/D04_1.bin,D04_1,106,FireSnake,992,608,17,0,0
course/D04_1.bin,D04_1,106,FireSnake,880,624,17,0,0
course/D04_1.bin,D04_1,106,FireSnake,992,688,17,0,0
course/D04_1.bin,D04_1,228,Object228,2368,688,0,0,0
course/D04_2.bin,D04_2,198,Object198,0,320,0,0,4096
course/D04_2.bin,D04_2,199,Object199,1008,320,0,0,4096
course/D05_1.bin,D05_1,32,,432,704,0,0,0
course/D05_1.bin,D05_1,117,Object117,1200,672,0,0,0
course/D05_1.bin,D05_1,45,Object45,224,656,0,4368,1
course/D05_1.bin,D05_1,45,Object45,240,640,0,320,0
course/D05_1.bin,D05_1,45,Object45,256,624,0,4384,1
course/D05_1.bin,D05_1,45,Object45,272,624,0,4384,0
course/D05_1.bin,D05_1,45,Object45,208,672,0,4384,0
course/D05_1.bin,D05_1,321,,1024,752,0,20480,33043
course/D05_1.bin,D05_1,321,,0,752,0,20480,33043
course/D05_1.bin,D05_1,322,,1040,752,0,40960,291
course/D05_1.bin,D05_1,322,,16,752,0,40960,291
course/D05_2.bin,D05_2,126,Object126,2432,432,0,12288,37139
course/D05_2.bin,D05_2,126,Object126,2800,464,0,12288,37139
course/D05_2.bin,D05_2,126,Object126,3104,464,0,12288,37139
course/D05_2.bin,D05_2,126,Object126,3440,416,0,12288,37139
course/D05_2.bin,D05_2,126,Object126,3776,448,0,12288,37139
course/D05_2.bin,D05_2,28,Object28,2848,320,0,0,0
course/D05_2.bin,D05_2,28,Object28,2256,416,0,0,0
course/D05_2.bin,D05_2,235,Object235,2160,448,0,0,0
course/D05_2.bin,D05_2,243,Object243,3120,336,0,0,0
course/D05_2.bin,D05_2,243,Object243,3152,336,0,0,0
course/D05_2.bin,D05_2,243,Object243,3312,336,0,0,0
course/D05_2.bin,D05_2,243,Object243,3344,336,0,0,0
course/D05_2.bin,D05_2,243,Object243,1072,320,0,0,0
course/D05_2.bin,D05_2,28,Object28,2016,400,0,0,0
course/D05_2.bin,D05_2,28,Object28,1936,416,0,0,0
course/D05_2.bin,D05_2,243,Object243,3600,336,0,0,0
course/D05_2.bin,D05_2,243,Object243,3568,336,0,0,0
course/D05_2.bin,D05_2,235,Object235,2832,288,0,256,0
course/D05_2.bin,D05_2,149,Object149,880,448,0,1,0
course/D05_2.bin,D05_2,126,Object126,4032,368,0,12288,37139
course/D05_2.bin,D05_2,243,Object243,4320,336,0,0,0
course/D05_2.bin,D05_2,28,Object28,2224,464,0,0,0
course/D05_2.bin,D05_2,132,Object132,1632,352,0,0,0
course/D05_2.bin,D05_2,28,Object28,240,352,0,0,0
course/D05_2.bin,D05_2,287,,3680,288,0,17,0
course/D05_2.bin,D05_2,117,Object117,1792,400,0,16,0
course/D05_2.bin,D05_2,287,,672,304,0,17,0
course/D05_2.bin,D05_2,28,Object28,1280,352,0,0,0
course/D05_2.bin,D05_2,28,Object28,1216,352,0,0,0
course/D05_3.bin,D05_3,235,Object235,208,192,0,512,0
course/D05_3.bin,D05_3,28,Object28,256,160,0,0,0
course/D05_3.bin,D05_3,28,Object28,208,112,0,0,0
course/D05_3.bin,D05_3,28,Object28,304,208,0,0,0
course/D05_3.bin,D05_3,28,Object28,112,208,0,0,0
course/D05_3.bin,D05_3,28,Object28,160,160,0,0,0
course/D05_3.bin,D05_3,45,Object45,224,176,0,4096,0
course/D06_1.bin,D06_1,103,Object103,544,736,0,0,16
course/D06_1.bin,D06_1,259,Object259,512,736,0,0,25
course/D06_1.bin,D06_1,24,Object24,3408,608,0,0,0
course/D06_1.bin,D06_1,24,Object24,3632,640,0,0,0
course/D06_1.bin,D06_1,24,Object24,4096,640,0,0,0
course/D06_1.bin,D06_1,148,Object148,400,704,0,0,0
course/D06_1.bin,D06_1,148,Object148,272,640,0,0,0
course/D06_1.bin,D06_1,24,Object24,2448,592,0,0,0
course/D06_1.bin,D06_1,24,Object24,2528,592,0,0,0
course/D06_1.bin,D06_1,24,Object24,2608,592,0,0,0
course/D06_1.bin,D06_1,149,Object149,1536,656,0,1,0
course/D06_1.bin,D06_1,235,Object235,3040,624,0,256,0
course/D06_1.bin,D06_1,24,Object24,4032,640,0,0,0
course/D06_1.bin,D06_1,57,Object57,624,656,0,0,0
course/D06_1.bin,D06_1,57,Object57,656,656,0,0,0
course/D06_1.bin,D06_1,57,Object57,1024,688,0,0,0
course/D06_1.bin,D06_1,57,Object57,1120,688,0,0,0
course/D06_1.bin,D06_1,57,Object57,1040,656,0,0,0
course/D06_1.bin,D06_1,57,Object57,1104,656,0,0,0
course/D06_1.bin,D06_1,24,Object24,4000,640,0,0,0
course/D06_1.bin,D06_1,148,Object148,4592,688,0,0,0
course/D06_1.bin,D06_1,149,Object149,368,672,0,1,0
course/D06_1.bin,D06_1,24,Object24,3232,624,0,0,0
course/D06_1.bin,D06_1,24,Object24,3344,624,0,0,0
course/D06_1.bin,D06_1,148,Object148,4560,688,0,0,0
course/D06_1.bin,D06_1,149,Object149,1472,656,0,1,0
course/D06_1.bin,D06_1,198,Object198,2400,576,0,4,4096
course/D06_1.bin,D06_1,276,Object276,4640,672,0,0,0
course/D06_1.bin,D06_1,149,Object149,4512,688,0,0,0
course/D06_1.bin,D06_1,57,Object57,896,704,0,0,0
course/D06_1.bin,D06_1,57,Object57,928,704,0,0,0
course/D06_1.bin,D06_1,57,Object57,2080,704,0,0,0
course/D06_1.bin,D06_1,57,Object57,2112,704,0,0,0
course/D06_1.bin,D06_1,235,Object235,1520,592,0,0,0
course/D06_1.bin,D06_1,108,Object108,3728,576,0,257,0
course/D06_1.bin,D06_1,66,,2928,608,0,0,0
course/D06_1.bin,D06_1,117,Object117,208,640,0,1,0
course/D06_1.bin,D06_1,132,Object132,2752,640,0,0,0
course/D06_1.bin,D06_1,103,Object103,2704,736,0,31,16
course/D06_1.bin,D06_1,310,Object310,0,512,0,26656,8272
course/D06_1.bin,D06_1,310,Object310,16,512,0,26640,101
course/D06_1.bin,D06_1,117,Object117,2768,640,0,8208,0
course/D06_1.bin,D06_1,199,Object199,4720,576,0,4,4096
course/D06_1.bin,D06_1,34,,1328,624,1,0,0
course/D06_1.bin,D06_1,106,FireSnake,1424,608,1,0,0
course/D06_1.bin,D06_1,106,FireSnake,1344,704,1,0,0
course/D06_1.bin,D06_1,106,FireSnake,1392,704,1,0,0
course/D06_1.bin,D06_1,106,FireSnake,1440,704,1,0,0
course/D06_1.bin,D06_1,106,FireSnake,1488,704,1,0,0
course/D06_1.bin,D06_1,106,FireSnake,1536,704,1,0,0
course/D06_1.bin,D06_1,106,FireSnake,1584,704,1,0,0
course/D06_1.bin,D06_1,106,FireSnake,1664,704,1,0,0
course/D06_1.bin,D06_1,150,Object150,4144,688,0,17,0
course/D06_1.bin,D06_1,150,Object150,4288,640,0,17,0
course/D06_1.bin,D06_1,150,Object150,3536,688,0,17,0
course/D06_1.bin,D06_1,150,Object150,3520,640,0,33,0
course/D06_2.bin,D06_2,32,,1344,208,0,0,0
course/D06_2.bin,D06_2,148,Object148,352,176,0,0,0
course/D06_2.bin,D06_2,148,Object148,336,160,0,0,0
course/D06_2.bin,D06_2,148,Object148,416,224,0,0,0
course/D06_2.bin,D06_2,149,Object149,432,224,0,0,0
course/D06_2.bin,D06_2,149,Object149,464,224,0,0,0
course/D06_2.bin,D06_2,235,Object235,496,128,0,512,0
course/D06_2.bin,D06_2,148,Object148,384,208,0,0,0
course/D06_2.bin,D06_2,321,,0,0,0,20480,33043
course/D06_2.bin,D06_2,322,,16,0,0,40960,291
course/D06_2.bin,D06_2,321,,1024,0,0,20480,33043
course/D06_2.bin,D06_2,322,,1040,0,0,40960,291
course/D07_1.bin,D07_1,259,Object259,288,704,0,0,25
course/D07_1.bin,D07_1,99,Object99,1376,688,0,0,0
course/D07_1.bin,D07_1,99,Object99,1648,688,0,0,0
course/D07_1.bin,D07_1,99,Object99,2192,688,0,0,0
course/D07_1.bin,D07_1,99,Object99,2464,688,0,0,0
course/D07_1.bin,D07_1,99,Object99,2816,688,0,0,0
course/D07_1.bin,D07_1,23,Object23,3728,656,0,0,0
course/D07_1.bin,D07_1,23,Object23,4160,688,0,0,0
course/D07_1.bin,D07_1,23,Object23,4336,688,0,0,0
course/D07_1.bin,D07_1,23,Object23,4368,672,0,0,0
course/D07_1.bin,D07_1,23,Object23,4400,656,0,0,0
course/D07_1.bin,D07_1,149,Object149,752,672,0,1,0
course/D07_1.bin,D07_1,149,Object149,2016,656,0,1,0
course/D07_1.bin,D07_1,149,Object149,2064,656,0,1,0
course/D07_1.bin,D07_1,149,Object149,2112,656,0,1,0
course/D07_1.bin,D07_1,149,Object149,2336,608,0,1,0
course/D07_1.bin,D07_1,150,Object150,1792,624,0,17,0
course/D07_1.bin,D07_1,150,Object150,2224,640,0,32,0
course/D07_1.bin,D07_1,150,Object150,2528,624,0,17,0
course/D07_1.bin,D07_1,150,Object150,2608,640,0,32,0
course/D07_1.bin,D07_1,150,Object150,2912,624,0,33,0
course/D07_1.bin,D07_1,150,Object150,3008,640,0,17,0
course/D07_1.bin,D07_1,150,Object150,3104,608,0,32,0
course/D07_1.bin,D07_1,150,Object150,3360,656,0,16,0
course/D07_1.bin,D07_1,150,Object150,3456,624,0,17,0
course/D07_1.bin,D07_1,150,Object150,3552,656,0,16,0
course/D07_1.bin,D07_1,282,Object282,672,528,0,35,256
course/D07_1.bin,D07_1,282,Object282,976,528,0,84,256
course/D07_1.bin,D07_1,282,Object282,1200,528,0,83,256
course/D07_1.bin,D07_1,282,Object282,2864,432,0,116,256
course/D07_1.bin,D07_1,282,Object282,3680,528,0,161,256
course/D07_1.bin,D07_1,282,Object282,3328,528,0,161,256
course/D07_1.bin,D07_1,282,Object282,4288,528,0,196,256
course/D07_1.bin,D07_1,282,Object282,352,528,0,20,256
course/D07_1.bin,D07_1,282,Object282,3504,528,0,162,256
course/D07_1.bin,D07_1,150,Object150,3648,624,0,17,0
course/D07_1.bin,D07_1,198,Object198,0,544,0,0,4096
course/D07_1.bin,D07_1,199,Object199,2672,544,0,0,4096
course/D07_1.bin,D07_1,198,Object198,3168,544,0,0,4096
course/D07_1.bin,D07_1,199,Object199,4592,544,0,0,4096
course/D07_1.bin,D07_1,23,Object23,3840,656,0,0,0
course/D07_1.bin,D07_1,23,Object23,4192,672,0,0,0
course/D07_1.bin,D07_1,282,Object282,1088,528,0,67,256
course/D07_1.bin,D07_1,148,Object148,192,640,0,0,0
course/D07_1.bin,D07_1,148,Object148,560,656,0,0,0
course/D07_1.bin,D07_1,149,Object149,4080,672,0,1,0
course/D07_1.bin,D07_1,32,,4112,1232,0,0,0
course/D07_1.bin,D07_1,282,Object282,3744,1104,0,4,256
course/D07_1.bin,D07_1,149,Object149,3936,1248,0,0,0
course/D07_1.bin,D07_1,22,,224,640,0,0,0
course/D07_1.bin,D07_1,117,Object117,176,608,0,0,0
course/D07_1.bin,D07_1,132,Object132,2000,608,0,0,0
course/D07_1.bin,D07_1,235,Object235,2560,560,0,0,0
course/D07_1.bin,D07_1,321,,0,512,0,20480,33043
course/D07_1.bin,D07_1,322,,16,512,0,40960,291
course/D07_1.bin,D07_1,321,,3584,1088,0,20480,33043
course/D07_1.bin,D07_1,322,,3600,1088,0,40960,291
course/D07_1.bin,D07_1,117,Object117,2048,560,0,8208,0
course/D07_1.bin,D07_1,150,Object150,2832,592,0,32,0
course/D07_2.bin,D07_2,235,Object235,400,160,0,256,0
course/D07_2.bin,D07_2,149,Object149,336,176,0,0,0
course/D07_2.bin,D07_2,149,Object149,592,176,0,0,0
course/D07_2.bin,D07_2,149,Object149,480,176,0,0,0
course/D07_2.bin,D07_2,149,Object149,448,176,0,0,0
course/D07_2.bin,D07_2,149,Object149,288,176,0,0,0
course/D07_2.bin,D07_2,149,Object149,224,176,0,0,0
course/D07_2.bin,D07_2,149,Object149,368,176,0,0,0
course/D07_2.bin,D07_2,149,Object149,320,128,0,1,0
course/D07_2.bin,D07_2,149,Object149,528,176,0,0,0
course/D07_2.bin,D07_2,66,,416,128,0,0,0
course/D07_2.bin,D07_2,235,Object235,1184,96,0,512,0
course/D07_2.bin,D07_2,24,Object24,1040,128,0,0,0
course/D07_2.bin,D07_2,24,Object24,1072,144,0,0,0
course/D07_2.bin,D07_2,24,Object24,1104,160,0,0,0
course/D08_1.bin,D08_1,248,Object248,2240,704,0,0,1
course/D08_1.bin,D08_1,66,,2224,704,1,256,0
course/D08_1.bin,D08_1,248,Object248,2128,512,0,256,1
course/D08_1.bin,D08_1,108,Object108,1872,336,2,256,256
course/D08_1.bin,D08_1,256,Object256,1136,704,0,16,1
course/D08_1.bin,D08_1,256,Object256,1808,704,0,16,1
course/D08_1.bin,D08_1,248,Object248,1664,720,0,512,1
course/D08_1.bin,D08_1,38,Object38,352,720,0,0,0
course/D08_1.bin,D08_1,38,Object38,464,640,0,0,0
course/D08_1.bin,D08_1,38,Object38,800,576,0,0,0
course/D08_1.bin,D08_1,38,Object38,576,576,0,0,0
course/D08_1.bin,D08_1,198,Object198,0,576,0,0,4096
course/D08_1.bin,D08_1,235,Object235,1808,416,0,0,0
course/D08_1.bin,D08_1,256,Object256,1408,704,0,16,1
course/D08_1.bin,D08_1,38,Object38,1344,608,0,0,0
course/D08_1.bin,D08_1,256,Object256,1840,464,0,16,1
course/D08_1.bin,D08_1,117,Object117,160,608,0,0,0
course/D08_1.bin,D08_1,310,Object310,0,752,0,26656,8352
course/D08_1.bin,D08_1,310,Object310,16,752,0,26640,117
course/D08_1.bin,D08_1,199,Object199,1136,576,0,0,4096
course/D08_2.bin,D08_2,248,Object248,480,384,0,768,1
course/D08_2.bin,D08_2,235,Object235,544,64,0,512,0
course/D08_2.bin,D08_2,248,Object248,496,640,0,1024,1
course/D08_2.bin,D08_2,108,Object108,80,736,3,256,259
course/D08_2.bin,D08_2,235,Object235,240,464,0,256,0
course/D08_2.bin,D08_2,232,Object232,1216,912,11,64,256
course/D08_2.bin,D08_2,107,Object107,1296,944,11,0,0
course/D08_2.bin,D08_2,232,Object232,1264,928,11,65,256
course/D08_2.bin,D08_2,232,Object232,1328,912,11,64,256
course/D08_2.bin,D08_2,232,Object232,1376,928,11,64,256
course/D08_2.bin,D08_2,155,Object155,1216,800,0,5,16
course/D08_2.bin,D08_2,155,Object155,1264,816,0,5,16
course/D08_2.bin,D08_2,155,Object155,1328,800,0,5,16
course/D08_2.bin,D08_2,155,Object155,1376,816,0,5,16
course/D08_2.bin,D08_2,310,Object310,16,752,0,26656,8352
course/D08_2.bin,D08_2,310,Object310,32,752,0,26640,117
course/D08_2.bin,D08_2,310,Object310,1168,1008,0,26656,8352
course/D08_2.bin,D08_2,310,Object310,1184,1008,0,26640,117
course/D08_2.bin,D08_2,45,Object45,64,240,0,0,0
course/D08_2.bin,D08_2,45,Object45,96,240,0,0,0
course/D08_2.bin,D08_2,45,Object45,80,176,0,0,0
course/D08_3.bin,D08_3,32,,1360,192,0,0,0
course/D08_3.bin,D08_3,32,,528,192,0,0,4096
course/D08_3.bin,D08_3,310,Object310,96,224,0,26656,8352
course/D08_3.bin,D08_3,310,Object310,112,224,0,26640,117
course/D08_3.bin,D08_3,310,Object310,1024,224,0,26656,8352
course/D08_3.bin,D08_3,310,Object310,1040,224,0,26640,117
course/D08_3.bin,D08_3,38,Object38,96,112,0,0,0
course/D09_1.bin,D09_1,234,Object234,512,3072,0,4,0
course/D09_1.bin,D09_1,57,Object57,608,2576,0,256,0
course/D09_1.bin,D09_1,57,Object57,592,2608,0,256,0
course/D09_1.bin,D09_1,223,Object223,528,2448,0,0,0
course/D09_1.bin,D09_1,223,Object223,560,2608,0,0,0
course/D09_1.bin,D09_1,57,Object57,544,2688,0,0,0
course/D09_1.bin,D09_1,57,Object57,528,2656,0,0,0
course/D09_1.bin,D09_1,57,Object57,544,2624,0,0,0
course/D09_1.bin,D09_1,235,Object235,704,1584,0,256,0
course/D09_1.bin,D09_1,57,Object57,512,1936,0,256,0
course/D09_1.bin,D09_1,57,Object57,528,1936,0,256,0
course/D09_1.bin,D09_1,57,Object57,560,1984,0,256,0
course/D09_1.bin,D09_1,57,Object57,576,1984,0,256,0
course/D09_1.bin,D09_1,57,Object57,768,2368,0,0,0
course/D09_1.bin,D09_1,57,Object57,752,2352,0,0,0
course/D09_1.bin,D09_1,57,Object57,688,2272,0,0,0
course/D09_1.bin,D09_1,57,Object57,704,2256,0,0,0
course/D09_1.bin,D09_1,57,Object57,528,2416,0,0,0
course/D09_1.bin,D09_1,57,Object57,544,2400,0,0,0
course/D09_1.bin,D09_1,109,Object109,672,1600,0,0,0
course/D09_1.bin,D09_1,109,Object109,576,1600,0,0,0
course/D09_1.bin,D09_1,223,Object223,640,2384,0,0,0
course/D09_1.bin,D09_1,57,Object57,672,2256,0,0,0
course/D09_1.bin,D09_1,57,Object57,656,2272,0,0,0
course/D09_1.bin,D09_1,57,Object57,640,2256,0,0,0
course/D09_1.bin,D09_1,57,Object57,624,2272,0,0,0
course/D09_1.bin,D09_1,57,Object57,608,2256,0,0,0
course/D09_1.bin,D09_1,57,Object57,592,2272,0,0,0
course/D09_1.bin,D09_1,298,,1184,3152,0,12569,4275
course/D09_1.bin,D09_1,298,,1024,3152,0,45337,4155
course/D09_1.bin,D09_1,298,,1184,3120,0,12569,4245
course/D09_1.bin,D09_1,298,,1024,3120,0,45337,4185
course/D09_1.bin,D09_1,298,,1184,3088,0,12569,4215
course/D09_1.bin,D09_1,298,,1024,3088,0,45337,4215
course/D09_1.bin,D09_1,298,,1184,3056,0,12569,4185
course/D09_1.bin,D09_1,298,,1024,3056,0,45337,4245
course/D09_1.bin,D09_1,298,,1184,3024,0,12569,4155
course/D09_1.bin,D09_1,298,,1024,3024,0,45337,4275
course/D09_1.bin,D09_1,298,,1184,2976,0,12585,4125
course/D09_1.bin,D09_1,298,,1024,2976,0,45353,4305
course/D09_1.bin,D09_1,223,Object223,592,2816,0,0,0
course/D09_1.bin,D09_1,57,Object57,576,2720,0,256,0
course/D09_1.bin,D09_1,57,Object57,592,2752,0,256,0
course/D09_1.bin,D09_1,57,Object57,560,2784,0,256,0
course/D09_1.bin,D09_1,235,Object235,512,2112,0,4096,0
course/D09_1.bin,D09_1,235,Object235,720,848,0,512,0
course/D09_1.bin,D09_1,109,Object109,672,2720,0,0,0
course/D09_1.bin,D09_1,109,Object109,672,2592,0,0,0
course/D09_1.bin,D09_1,223,Object223,752,2096,0,0,0
course/D09_1.bin,D09_1,223,Object223,528,1536,0,0,0
course/D09_1.bin,D09_1,57,Object57,768,1360,0,256,0
course/D09_1.bin,D09_1,57,Object57,752,1360,0,256,0
course/D09_1.bin,D09_1,223,Object223,544,2016,0,0,0
course/D09_1.bin,D09_1,117,Object117,1280,3248,0,0,0
course/D09_1.bin,D09_1,53,Object53,1232,3232,0,0,0
course/D09_1.bin,D09_1,234,Object234,1024,3312,0,0,0
course/D09_1.bin,D09_1,298,,656,1776,0,12840,4130
course/D09_1.bin,D09_1,298,,512,1776,0,45608,4130
course/D09_1.bin,D09_1,298,,576,944,0,29463,4113
course/D09_1.bin,D09_1,298,,688,1024,0,62247,4113
course/D09_1.bin,D09_1,53,Object53,640,1344,0,0,0
course/D09_1.bin,D09_1,109,Object109,768,1600,0,0,0
course/D09_1.bin,D09_1,223,Object223,640,1712,0,0,0
course/D09_1.bin,D09_1,298,,576,1120,0,29463,4113
course/D09_1.bin,D09_1,53,Object53,624,1184,0,0,0
course/D09_1.bin,D09_1,57,Object57,560,1680,0,0,0
course/D09_1.bin,D09_1,57,Object57,560,1744,0,0,0
course/D09_1.bin,D09_1,57,Object57,624,1680,0,0,0
course/D09_1.bin,D09_1,57,Object57,624,1744,0,0,0
course/D09_1.bin,D09_1,57,Object57,688,1680,0,0,0
course/D09_1.bin,D09_1,57,Object57,688,1744,0,0,0
course/D09_1.bin,D09_1,57,Object57,752,1680,0,0,0
course/D09_1.bin,D09_1,57,Object57,752,1744,0,0,0
course/D09_1.bin,D09_1,223,Object223,752,1296,0,0,0
course/D09_1.bin,D09_1,57,Object57,768,1264,0,0,0
course/D09_1.bin,D09_1,57,Object57,752,1264,0,0,0
course/D09_1.bin,D09_1,57,Object57,672,1088,0,256,0
course/D09_1.bin,D09_1,57,Object57,704,1088,0,256,0
course/D09_1.bin,D09_1,57,Object57,736,1088,0,256,0
course/D09_1.bin,D09_1,57,Object57,768,1088,0,256,0
course/D09_1.bin,D09_1,57,Object57,672,992,0,256,0
course/D09_1.bin,D09_1,57,Object57,704,992,0,256,0
course/D09_1.bin,D09_1,57,Object57,736,992,0,256,0
course/D09_1.bin,D09_1,57,Object57,768,992,0,256,0
course/D09_1.bin,D09_1,298,,608,1424,0,25201,529
course/D09_1.bin,D09_1,298,,688,1392,0,12881,529
course/D09_1.bin,D09_1,298,,464,1200,0,12579,4113
course/D09_1.bin,D09_1,298,,464,1072,0,12835,4113
course/D09_1.bin,D09_1,298,,464,976,0,13091,4113
course/D09_1.bin,D09_1,318,Object318,512,272,0,21780,6416
course/D09_1.bin,D09_1,319,,528,272,0,34854,30998
course/D09_1.bin,D09_1,320,,544,272,0,43608,39209
course/D09_1.bin,D09_1,318,Object318,1024,2816,0,21780,6416
course/D09_1.bin,D09_1,319,,1040,2816,0,34854,30998
course/D09_1.bin,D09_1,320,,1056,2816,0,43608,39209
course/D09_1.bin,D09_1,117,Object117,656,1280,0,4112,0
course/D09_1.bin,D09_1,57,Object57,544,1264,0,0,0
course/D09_1.bin,D09_1,57,Object57,528,1264,0,0,0
course/D09_1.bin,D09_1,223,Object223,528,1296,0,0,0
course/D09_1.bin,D09_1,57,Object57,528,1152,0,256,0
course/D09_1.bin,D09_1,57,Object57,544,1152,0,256,0
course/D09_1.bin,D09_1,57,Object57,752,1952,0,256,0
course/D09_1.bin,D09_1,57,Object57,768,1952,0,256,0
course/D09_1.bin,D09_1,57,Object57,720,2064,0,256,0
course/D09_1.bin,D09_1,57,Object57,736,2064,0,256,0
course/D09_1.bin,D09_1,57,Object57,768,2176,0,256,0
course/D09_1.bin,D09_1,57,Object57,784,2176,0,256,0
course/D09_1.bin,D09_1,57,Object57,544,832,0,0,0
course/D09_1.bin,D09_1,57,Object57,528,832,0,0,0
course/D09_1.bin,D09_1,223,Object223,528,864,0,0,0
course/D09_1.bin,D09_1,298,,624,2096,0,16946,0
course/D09_1.bin,D09_1,131,Object131,688,1312,0,0,0
course/D09_1.bin,D09_1,57,Object57,704,2864,0,0,0
course/D09_1.bin,D09_1,57,Object57,736,2864,0,0,0
course/D09_1.bin,D09_1,57,Object57,608,1600,0,0,0
course/D09_1.bin,D09_1,57,Object57,624,1600,0,0,0
course/D09_1.bin,D09_1,57,Object57,640,1600,0,0,0
course/D09_1.bin,D09_1,57,Object57,640,1456,0,0,0
course/D09_1.bin,D09_1,57,Object57,672,1456,0,0,0
course/D09_1.bin,D09_1,57,Object57,704,848,0,0,0
course/D09_1.bin,D09_1,57,Object57,688,864,0,0,0
course/D09_1.bin,D09_1,57,Object57,752,848,0,0,0
course/D09_1.bin,D09_1,57,Object57,768,864,0,0,0
course/D09_1.bin,D09_1,34,,672,752,17,0,0
course/D09_1.bin,D09_1,106,FireSnake,656,384,17,0,0
course/D09_1.bin,D09_1,106,FireSnake,576,336,17,0,0
course/D09_1.bin,D09_1,106,FireSnake,656,576,17,0,0
course/D09_1.bin,D09_1,106,FireSnake,640,576,17,0,0
course/D09_1.bin,D09_1,106,FireSnake,640,384,17,0,0
course/D09_1.bin,D09_1,106,FireSnake,592,480,17,0,0
course/D09_1.bin,D09_1,106,FireSnake,704,672,17,0,0
course/D09_1.bin,D09_1,106,FireSnake,576,480,17,0,0
course/D09_2.bin,D09_2,220,Object220,448,416,0,1,0
course/D10_1.bin,D10_1,119,Object119,304,272,0,0,13625
course/D10_1.bin,D10_1,234,Object234,0,480,0,0,31
course/D10_1.bin,D10_1,119,Object119,768,272,0,0,13628
course/D10_1.bin,D10_1,119,Object119,1072,272,0,0,13619
course/D10_1.bin,D10_1,53,Object53,1072,416,0,0,0
course/D10_1.bin,D10_1,54,Object54,912,384,0,0,0
course/D10_1.bin,D10_1,36,Object36,2080,192,0,0,0
course/D10_1.bin,D10_1,36,Object36,1536,320,0,0,0
course/D10_1.bin,D10_1,36,Object36,1664,336,0,0,0
course/D10_1.bin,D10_1,36,Object36,1760,336,0,0,0
course/D10_1.bin,D10_1,194,Object194,2352,32,0,0,0
course/D10_1.bin,D10_1,53,Object53,2176,176,0,0,0
course/D10_1.bin,D10_1,53,Object53,1312,432,0,0,0
course/D10_1.bin,D10_1,195,Object195,0,304,0,0,4096
course/D10_1.bin,D10_1,196,Object196,1856,304,0,0,4096
course/D10_1.bin,D10_1,53,Object53,768,400,0,0,0
course/D10_1.bin,D10_1,53,Object53,2720,288,0,0,0
course/D10_1.bin,D10_1,36,Object36,2752,208,0,0,0
course/D10_1.bin,D10_1,36,Object36,2848,272,0,0,0
course/D10_1.bin,D10_1,53,Object53,2896,400,0,0,0
course/D10_1.bin,D10_1,194,Object194,2976,288,0,0,0
course/D10_1.bin,D10_1,235,Object235,2368,256,0,256,0
course/D10_1.bin,D10_1,53,Object53,2592,224,0,0,0
course/D10_1.bin,D10_1,53,Object53,3216,432,0,0,0
course/D10_1.bin,D10_1,235,Object235,1360,304,0,0,0
course/D10_1.bin,D10_1,195,Object195,3168,304,0,0,4096
course/D10_1.bin,D10_1,196,Object196,5200,304,0,0,4096
course/D10_1.bin,D10_1,54,Object54,3408,368,0,0,0
course/D10_1.bin,D10_1,198,Object198,2240,304,0,0,0
course/D10_1.bin,D10_1,199,Object199,2480,304,0,0,0
course/D10_1.bin,D10_1,119,Object119,3648,224,0,0,13616
course/D10_1.bin,D10_1,235,Object235,3632,416,0,512,0
course/D10_1.bin,D10_1,119,Object119,3872,272,0,0,13617
course/D10_1.bin,D10_1,53,Object53,4016,336,0,0,0
course/D10_1.bin,D10_1,119,Object119,4160,224,0,0,13625
course/D10_1.bin,D10_1,119,Object119,4480,256,0,0,13631
course/D10_1.bin,D10_1,54,Object54,4352,384,0,0,0
course/D10_1.bin,D10_1,54,Object54,4000,400,0,0,0
course/D10_1.bin,D10_1,54,Object54,4592,384,0,0,0
course/D10_1.bin,D10_1,119,Object119,4816,272,0,0,14114
course/D10_1.bin,D10_1,54,Object54,4816,384,0,0,0
course/D10_1.bin,D10_1,280,Object280,3632,304,0,65312,240
course/D10_1.bin,D10_1,132,Object132,3216,384,0,0,0
course/D10_1.bin,D10_1,318,Object318,0,432,0,21780,6416
course/D10_1.bin,D10_1,319,,16,432,0,34854,30998
course/D10_1.bin,D10_1,320,,32,432,0,43608,39209
course/D10_2.bin,D10_2,107,Object107,448,464,50,272,0
course/D10_2.bin,D10_2,21,Player,544,432,49,0,0
course/D10_2.bin,D10_2,312,Object312,304,432,50,5649,0
course/D10_2.bin,D10_2,312,Object312,608,432,50,5649,0
course/D10_2.bin,D10_2,39,Object39,576,432,49,3,0
course/D10_2.bin,D10_2,129,Object129,624,432,0,0,0
course/D10_2.bin,D10_2,234,Object234,16,480,0,0,31
course/D10_2.bin,D10_2,318,Object318,16,320,0,21780,6416
course/D10_2.bin,D10_2,319,,32,320,0,34854,30998
course/D10_2.bin,D10_2,320,,48,320,0,43608,39209
course/D11_1.bin,D11_1,128,Object128,384,432,0,0,28672
course/E01_1.bin,E01_1,272,Object272,624,384,0,0,0
course/E01_1.bin,E01_1,274,Object274,816,448,0,10,0
course/E01_1.bin,E01_1,272,Object272,1104,368,0,1,0
course/E01_1.bin,E01_1,272,Object272,1456,352,0,1,0
course/E01_1.bin,E01_1,148,Object148,1392,464,0,0,0
course/E01_1.bin,E01_1,148,Object148,1360,464,0,0,0
course/E01_1.bin,E01_1,272,Object272,2032,368,0,0,0
course/E01_1.bin,E01_1,148,Object148,1504,464,0,0,0
course/E01_1.bin,E01_1,148,Object148,1536,464,0,0,0
course/E01_1.bin,E01_1,274,Object274,2096,464,0,7,0
course/E01_1.bin,E01_1,273,Object272,1840,448,0,0,0
course/E01_1.bin,E01_1,273,Object272,2336,368,0,0,0
course/E01_1.bin,E01_1,272,Object272,2496,368,0,1,0
course/E01_1.bin,E01_1,148,Object148,1072,432,0,0,0
course/E01_1.bin,E01_1,148,Object148,1184,448,0,0,0
course/E01_1.bin,E01_1,274,Object274,3056,448,0,8,0
course/E01_1.bin,E01_1,272,Object272,2768,352,0,1,0
course/E01_1.bin,E01_1,273,Object272,3520,352,0,0,0
course/E01_1.bin,E01_1,235,Object235,3424,304,0,528,0
course/E01_1.bin,E01_1,272,Object272,3776,336,0,0,0
course/E01_1.bin,E01_1,272,Object272,3920,368,0,1,0
course/E01_1.bin,E01_1,148,Object148,3968,464,0,0,0
course/E01_1.bin,E01_1,272,Object272,4160,352,0,0,0
course/E01_1.bin,E01_1,148,Object148,4240,448,0,0,0
course/E01_1.bin,E01_1,273,Object272,4304,400,0,0,0
course/E01_1.bin,E01_1,148,Object148,4208,448,0,0,0
course/E01_1.bin,E01_1,272,Object272,4224,384,0,0,0
course/E01_1.bin,E01_1,272,Object272,4496,336,0,0,0
course/E01_1.bin,E01_1,272,Object272,4496,368,0,1,0
course/E01_1.bin,E01_1,32,,4576,448,0,0,0
course/E01_1.bin,E01_1,273,Object272,3216,416,0,0,0
course/E01_1.bin,E01_1,289,,3456,416,0,0,0
course/E01_1.bin,E01_1,274,Object274,2800,448,0,8,0
course/E01_1.bin,E01_1,290,,3056,384,0,0,32
course/E01_1.bin,E01_1,150,Object150,2960,432,0,0,0
course/E01_1.bin,E01_1,235,Object235,2864,304,0,256,0
course/E01_1.bin,E01_1,273,Object272,3712,304,0,0,0
course/E01_1.bin,E01_1,148,Object148,4000,464,0,0,0
course/E01_1.bin,E01_1,235,Object235,2048,320,0,0,0
course/E01_1.bin,E01_1,272,Object272,3984,384,0,1,0
course/E01_1.bin,E01_1,150,Object150,4144,448,0,0,0
course/E01_1.bin,E01_1,274,Object274,4064,464,0,4,0
course/E01_1.bin,E01_1,117,Object117,480,416,0,0,0
course/E01_1.bin,E01_1,22,,560,464,0,0,0
course/E01_1.bin,E01_1,117,Object117,2656,368,0,4112,0
course/E01_1.bin,E01_1,22,,2768,432,0,16,0
course/E01_1.bin,E01_1,132,Object132,2576,384,0,0,0
course/E01_1.bin,E01_1,273,Object272,32,368,0,0,0
course/E01_1.bin,E01_1,148,Object148,272,448,0,0,0
course/E01_1.bin,E01_1,148,Object148,288,448,0,0,0
course/E01_1.bin,E01_1,148,Object148,304,448,0,0,0
course/E01_1.bin,E01_1,148,Object148,256,448,0,0,0
course/E02_1.bin,E02_1,32,,416,912,0,0,0
course/E02_1.bin,E02_1,117,Object117,176,160,0,0,0
course/E02_1.bin,E02_1,45,Object45,192,880,0,4384,0
course/E02_1.bin,E02_1,45,Object45,208,864,0,4368,0
course/E02_1.bin,E02_1,45,Object45,224,848,0,320,0
course/E02_1.bin,E02_1,45,Object45,240,832,0,4384,1
course/E02_1.bin,E02_1,45,Object45,256,832,0,4384,0
course/E02_1.bin,E02_1,32,,1440,960,0,0,4096
course/E02_1.bin,E02_1,22,,176,176,0,0,0
course/E02_1.bin,E02_1,227,Object227,912,480,0,0,0
course/E02_1.bin,E02_1,235,Object235,1408,336,0,256,0
course/E02_2.bin,E02_2,219,Object219,608,416,0,0,0
course/E02_2.bin,E02_2,24,Object24,1456,336,0,0,0
course/E02_2.bin,E02_2,24,Object24,1552,320,0,0,0
course/E02_2.bin,E02_2,219,Object219,2080,352,0,1,0
course/E02_2.bin,E02_2,219,Object219,2128,416,0,0,0
course/E02_2.bin,E02_2,94,Object94,2832,320,0,0,0
course/E02_2.bin,E02_2,219,Object219,2976,368,0,0,0
course/E02_2.bin,E02_2,24,Object24,1488,336,0,0,0
course/E02_2.bin,E02_2,24,Object24,1344,336,0,0,0
course/E02_2.bin,E02_2,24,Object24,1280,352,0,0,0
course/E02_2.bin,E02_2,94,Object94,2384,384,0,0,0
course/E02_2.bin,E02_2,94,Object94,2464,384,0,0,0
course/E02_2.bin,E02_2,94,Object94,2544,384,0,0,0
course/E02_2.bin,E02_2,94,Object94,2624,384,0,0,0
course/E02_2.bin,E02_2,94,Object94,2704,384,0,0,0
course/E02_2.bin,E02_2,24,Object24,3600,304,0,0,0
course/E02_2.bin,E02_2,23,Object23,3712,432,0,0,0
course/E02_2.bin,E02_2,219,Object219,2448,304,0,1,0
course/E02_2.bin,E02_2,219,Object219,2432,336,0,33,0
course/E02_2.bin,E02_2,219,Object219,2512,336,0,33,0
course/E02_2.bin,E02_2,235,Object235,1408,320,0,16,0
course/E02_2.bin,E02_2,219,Object219,3952,352,0,1,0
course/E02_2.bin,E02_2,219,Object219,752,368,0,0,0
course/E02_2.bin,E02_2,219,Object219,2240,320,0,0,0
course/E02_2.bin,E02_2,219,Object219,3088,432,0,16,0
course/E02_2.bin,E02_2,219,Object219,3216,432,0,48,0
course/E02_2.bin,E02_2,219,Object219,3152,400,0,0,0
course/E02_2.bin,E02_2,219,Object219,3280,416,0,0,0
course/E02_2.bin,E02_2,219,Object219,3584,352,0,0,0
course/E02_2.bin,E02_2,219,Object219,3904,384,0,1,0
course/E02_2.bin,E02_2,94,Object94,912,320,0,0,0
course/E02_2.bin,E02_2,94,Object94,976,320,0,0,0
course/E02_2.bin,E02_2,94,Object94,1024,320,0,0,0
course/E02_2.bin,E02_2,94,Object94,832,320,0,0,0
course/E02_2.bin,E02_2,235,Object235,1968,304,0,512,0
course/E02_2.bin,E02_2,219,Object219,1968,336,0,48,0
course/E02_2.bin,E02_2,219,Object219,1984,336,0,17,0
course/E02_2.bin,E02_2,219,Object219,2240,416,0,32,0
course/E02_2.bin,E02_2,219,Object219,2528,304,0,1,0
course/E02_2.bin,E02_2,219,Object219,2608,304,0,1,0
course/E02_2.bin,E02_2,219,Object219,3584,448,0,32,0
course/E02_2.bin,E02_2,94,Object94,1136,320,0,0,0
course/E02_2.bin,E02_2,219,Object219,2592,336,0,33,0
course/E02_2.bin,E02_2,94,Object94,3360,320,0,0,0
course/E02_2.bin,E02_2,219,Object219,3712,336,0,0,0
course/E02_2.bin,E02_2,219,Object219,3808,480,0,32,0
course/E02_2.bin,E02_2,33,,1968,416,0,16,0
course/E02_2.bin,E02_2,57,Object57,2992,368,0,0,0
course/E02_2.bin,E02_2,57,Object57,2960,368,0,0,0
course/E02_2.bin,E02_2,219,Object219,4032,320,0,1,0
course/E02_2.bin,E02_2,132,Object132,2032,400,0,0,0
course/E02_2.bin,E02_2,219,Object219,112,352,0,32,0
course/E02_2.bin,E02_2,219,Object219,208,352,0,32,0
course/E02_2.bin,E02_2,219,Object219,304,352,0,32,0
course/E02_2.bin,E02_2,219,Object219,400,352,0,32,0
course/E02_2.bin,E02_2,219,Object219,496,352,0,32,0
course/E02_2.bin,E02_2,219,Object219,176,384,0,32,0
course/E02_2.bin,E02_2,219,Object219,272,384,0,32,0
course/E02_2.bin,E02_2,219,Object219,368,384,0,32,0
course/E02_2.bin,E02_2,219,Object219,464,384,0,32,0
course/E02_2.bin,E02_2,22,,2224,464,0,16,0
course/E02_2.bin,E02_2,117,Object117,2128,384,0,4112,0
course/E02_2.bin,E02_2,219,Object219,624,352,0,0,0
course/E02_2.bin,E02_2,219,Object219,1824,384,0,0,0
course/E02_2.bin,E02_2,219,Object219,1872,416,0,0,0
course/E03_1.bin,E03_1,32,,3104,1984,0,0,0
course/E03_1.bin,E03_1,89,Object89,3776,768,0,0,0
course/E03_1.bin,E03_1,32,,4368,976,0,0,0
course/E03_1.bin,E03_1,148,Object148,304,192,0,0,0
course/E03_1.bin,E03_1,148,Object148,656,448,0,0,0
course/E03_1.bin,E03_1,148,Object148,768,560,0,0,0
course/E03_1.bin,E03_1,148,Object148,976,672,0,0,0
course/E03_1.bin,E03_1,148,Object148,1264,736,0,0,0
course/E03_1.bin,E03_1,148,Object148,1248,720,0,0,0
course/E03_1.bin,E03_1,148,Object148,1392,656,0,0,0
course/E03_1.bin,E03_1,148,Object148,1616,720,0,0,0
course/E03_1.bin,E03_1,148,Object148,2048,704,0,0,0
course/E03_1.bin,E03_1,148,Object148,2336,816,0,0,0
course/E03_1.bin,E03_1,149,Object149,432,320,0,0,0
course/E03_1.bin,E03_1,149,Object149,688,480,0,0,0
course/E03_1.bin,E03_1,149,Object149,1648,752,0,0,0
course/E03_1.bin,E03_1,149,Object149,1776,752,0,1,0
course/E03_1.bin,E03_1,149,Object149,1680,624,0,1,0
course/E03_1.bin,E03_1,149,Object149,1888,752,0,1,0
course/E03_1.bin,E03_1,149,Object149,2112,672,0,0,0
course/E03_1.bin,E03_1,149,Object149,2880,608,0,1,0
course/E03_1.bin,E03_1,149,Object149,3744,800,0,0,0
course/E03_1.bin,E03_1,149,Object149,4224,880,0,0,0
course/E03_1.bin,E03_1,149,Object149,4192,848,0,0,0
course/E03_1.bin,E03_1,89,Object89,3392,800,0,0,0
course/E03_1.bin,E03_1,89,Object89,3136,800,0,0,0
course/E03_1.bin,E03_1,89,Object89,3552,800,0,0,0
course/E03_1.bin,E03_1,148,Object148,3184,608,0,0,0
course/E03_1.bin,E03_1,148,Object148,3216,624,0,0,0
course/E03_1.bin,E03_1,148,Object148,3536,576,0,0,0
course/E03_1.bin,E03_1,149,Object149,3568,544,0,1,0
course/E03_1.bin,E03_1,235,Object235,3600,656,0,512,0
course/E03_1.bin,E03_1,198,Object198,2032,864,0,0,0
course/E03_1.bin,E03_1,199,Object199,3824,864,0,0,0
course/E03_1.bin,E03_1,235,Object235,2928,736,0,256,0
course/E03_1.bin,E03_1,235,Object235,1776,544,0,0,0
course/E03_1.bin,E03_1,22,,192,96,0,1,0
course/E03_1.bin,E03_1,132,Object132,2240,704,0,0,0
course/E03_1.bin,E03_1,117,Object117,224,48,0,0,0
course/E03_1.bin,E03_1,311,Object311,0,0,0,25090,25633
course/E03_1.bin,E03_1,313,Object313,16,0,0,33299,9752
course/E03_1.bin,E03_1,314,Object314,32,0,0,41492,51228
course/E03_1.bin,E03_1,117,Object117,2288,720,0,8208,0
course/E03_1.bin,E03_1,22,,2384,752,0,16,0
course/E03_1.bin,E03_1,89,Object89,3984,704,0,0,0
course/E03_1.bin,E03_1,189,Object189,1968,1008,0,4,0
course/E03_2.bin,E03_2,168,Object168,80,80,62,28704,65535
course/E04_1.bin,E04_1,32,,3904,448,0,0,0
course/E04_1.bin,E04_1,239,Object239,576,400,0,4706,0
course/E04_1.bin,E04_1,239,Object239,672,384,0,4721,0
course/E04_1.bin,E04_1,239,Object239,752,432,0,6721,0
course/E04_1.bin,E04_1,239,Object239,816,384,0,4721,0
course/E04_1.bin,E04_1,239,Object239,912,416,0,4419,0
course/E04_1.bin,E04_1,239,Object239,144,368,0,6643,0
course/E04_1.bin,E04_1,239,Object239,256,416,0,4422,0
course/E04_1.bin,E04_1,239,Object239,512,432,0,6721,0
course/E04_1.bin,E04_1,239,Object239,1200,400,0,4705,0
course/E04_1.bin,E04_1,239,Object239,1296,448,0,6433,0
course/E04_1.bin,E04_1,239,Object239,1344,352,0,5249,0
course/E04_1.bin,E04_1,218,Object218,0,464,0,257,2
course/E04_1.bin,E04_1,150,Object150,624,400,0,32,0
course/E04_1.bin,E04_1,150,Object150,864,368,0,32,0
course/E04_1.bin,E04_1,239,Object239,1408,432,0,6722,0
course/E04_1.bin,E04_1,239,Object239,1488,400,0,4403,0
course/E04_1.bin,E04_1,239,Object239,1584,432,0,4674,0
course/E04_1.bin,E04_1,149,Object149,1488,384,0,1,0
course/E04_1.bin,E04_1,149,Object149,1584,416,0,257,0
course/E04_1.bin,E04_1,239,Object239,1648,448,0,6705,0
course/E04_1.bin,E04_1,239,Object239,1728,416,0,4689,0
course/E04_1.bin,E04_1,239,Object239,2128,480,0,6691,0
course/E04_1.bin,E04_1,239,Object239,2320,416,0,4418,0
course/E04_1.bin,E04_1,239,Object239,2400,416,0,4418,0
course/E04_1.bin,E04_1,239,Object239,2544,400,0,4705,0
course/E04_1.bin,E04_1,239,Object239,2480,432,0,4673,0
course/E04_1.bin,E04_1,239,Object239,2592,464,0,6961,0
course/E04_1.bin,E04_1,149,Object149,2752,352,0,0,0
course/E04_1.bin,E04_1,239,Object239,2736,368,0,4753,0
course/E04_1.bin,E04_1,239,Object239,3008,432,0,6738,0
course/E04_1.bin,E04_1,239,Object239,3344,464,0,6689,0
course/E04_1.bin,E04_1,239,Object239,3568,448,0,6433,0
course/E04_1.bin,E04_1,239,Object239,3760,368,0,4753,0
course/E04_1.bin,E04_1,239,Object239,3664,400,0,4449,0
course/E04_1.bin,E04_1,235,Object235,1856,320,0,0,0
course/E04_1.bin,E04_1,55,Object55,976,400,0,257,0
course/E04_1.bin,E04_1,55,Object55,1600,352,0,513,0
course/E04_1.bin,E04_1,55,Object55,400,336,0,1,0
course/E04_1.bin,E04_1,149,Object149,2128,464,0,1,0
course/E04_1.bin,E04_1,235,Object235,1936,320,0,256,0
course/E04_1.bin,E04_1,235,Object235,3120,400,0,512,0
course/E04_1.bin,E04_1,149,Object149,1648,432,0,1,0
course/E04_1.bin,E04_1,239,Object239,3440,464,0,6689,0
course/E04_1.bin,E04_1,117,Object117,224,336,0,1,0
course/E04_1.bin,E04_1,22,,384,432,0,0,0
course/E04_1.bin,E04_1,311,Object311,0,480,0,25090,25633
course/E04_1.bin,E04_1,313,Object313,16,480,0,33299,9752
course/E04_1.bin,E04_1,314,Object314,32,480,0,41492,51228
course/E04_1.bin,E04_1,218,Object218,2240,400,0,257,258
course/E04_1.bin,E04_1,117,Object117,2592,384,0,17,0
course/E04_1.bin,E04_1,22,,2400,320,0,16,0
course/E04_1.bin,E04_1,239,Object239,3248,464,0,6689,0
course/E04_1.bin,E04_1,34,,1200,368,23,0,0
course/E04_1.bin,E04_1,106,FireSnake,1184,304,23,0,0
course/E04_1.bin,E04_1,106,FireSnake,1216,304,23,0,0
course/E04_1.bin,E04_1,106,FireSnake,1184,448,23,0,0
course/E04_1.bin,E04_1,106,FireSnake,1216,448,23,0,0
course/E04_1.bin,E04_1,106,FireSnake,1280,400,23,0,0
course/E04_1.bin,E04_1,106,FireSnake,1344,384,23,0,0
course/E04_1.bin,E04_1,106,FireSnake,1344,320,23,0,0
course/E04_1.bin,E04_1,106,FireSnake,1408,400,23,0,0
course/E04_1.bin,E04_1,239,Object239,3296,336,0,4769,0
course/E04_1.bin,E04_1,239,Object239,3392,336,0,4769,0
course/E04_1.bin,E04_1,239,Object239,3488,336,0,4769,0
course/E04_1.bin,E04_1,149,Object149,3424,448,0,1,0
course/E04_1.bin,E04_1,149,Object149,3296,320,0,1,0
course/E04_1.bin,E04_1,149,Object149,3488,304,0,1,0
course/E04_1.bin,E04_1,132,Object132,2256,368,0,0,0
course/E05_1.bin,E05_1,198,Object198,0,304,0,0,4096
course/E05_1.bin,E05_1,32,,3168,448,0,0,0
course/E05_1.bin,E05_1,242,Object242,1008,464,0,23,0
course/E05_1.bin,E05_1,242,Object242,160,416,0,263,0
course/E05_1.bin,E05_1,242,Object242,320,384,0,7,0
course/E05_1.bin,E05_1,242,Object242,496,464,0,279,0
course/E05_1.bin,E05_1,242,Object242,656,368,0,7,0
course/E05_1.bin,E05_1,242,Object242,608,480,0,279,0
course/E05_1.bin,E05_1,242,Object242,1120,384,0,279,0
course/E05_1.bin,E05_1,242,Object242,1264,384,0,279,0
course/E05_1.bin,E05_1,242,Object242,1184,448,0,7,0
course/E05_1.bin,E05_1,242,Object242,2128,448,0,23,0
course/E05_1.bin,E05_1,242,Object242,1824,464,0,7,0
course/E05_1.bin,E05_1,235,Object235,1888,400,0,16,0
course/E05_1.bin,E05_1,242,Object242,1664,384,0,279,0
course/E05_1.bin,E05_1,242,Object242,2304,432,0,23,0
course/E05_1.bin,E05_1,242,Object242,2208,384,0,263,0
course/E05_1.bin,E05_1,242,Object242,2800,384,0,23,0
course/E05_1.bin,E05_1,242,Object242,2688,464,0,279,0
course/E05_1.bin,E05_1,242,Object242,2880,464,0,279,0
course/E05_1.bin,E05_1,242,Object242,2960,384,0,23,0
course/E05_1.bin,E05_1,149,Object149,1568,416,0,1,0
course/E05_1.bin,E05_1,235,Object235,2864,416,0,528,0
course/E05_1.bin,E05_1,149,Object149,2128,432,0,1,0
course/E05_1.bin,E05_1,149,Object149,2304,416,0,1,0
course/E05_1.bin,E05_1,106,FireSnake,1152,368,23,0,0
course/E05_1.bin,E05_1,106,FireSnake,1168,320,23,0,0
course/E05_1.bin,E05_1,106,FireSnake,1216,400,23,0,0
course/E05_1.bin,E05_1,106,FireSnake,1296,336,23,0,0
course/E05_1.bin,E05_1,106,FireSnake,1376,368,23,0,0
course/E05_1.bin,E05_1,106,FireSnake,1104,432,23,0,0
course/E05_1.bin,E05_1,106,FireSnake,1328,320,23,0,0
course/E05_1.bin,E05_1,106,FireSnake,1232,304,23,0,0
course/E05_1.bin,E05_1,34,,1008,400,23,0,0
course/E05_1.bin,E05_1,108,Object108,1856,400,0,257,2
course/E05_1.bin,E05_1,242,Object242,2336,368,0,263,0
course/E05_1.bin,E05_1,149,Object149,2336,352,0,1,0
course/E05_1.bin,E05_1,22,,160,336,0,0,0
course/E05_1.bin,E05_1,117,Object117,128,416,0,1,0
course/E05_1.bin,E05_1,132,Object132,1520,384,0,0,0
course/E05_1.bin,E05_1,311,Object311,0,480,0,25090,25633
course/E05_1.bin,E05_1,313,Object313,16,480,0,33299,9752
course/E05_1.bin,E05_1,314,Object314,32,480,0,41492,51228
course/E05_1.bin,E05_1,242,Object242,720,432,0,7,0
course/E05_1.bin,E05_1,22,,1824,448,0,16,0
course/E05_1.bin,E05_1,117,Object117,1664,352,0,17,0
course/E05_1.bin,E05_1,155,Object155,2160,80,0,64,33
course/E05_1.bin,E05_1,242,Object242,2608,400,0,23,0
course/E05_1.bin,E05_1,242,Object242,208,464,0,263,0
course/E05_2.bin,E05_2,235,Object235,96,0,0,256,0
course/E05_2.bin,E05_2,155,Object155,0,496,0,3858,4112
course/E05_2.bin,E05_2,323,Object323,0,400,0,4,0
course/E05_2.bin,E05_2,95,Object95,48,352,0,0,0
course/E05_2.bin,E05_2,66,,144,384,0,0,0
course/E05_2.bin,E05_2,315,Object315,0,448,0,34880,250
course/E05_2.bin,E05_2,315,Object315,16,448,0,34880,240
course/E06_1.bin,E06_1,89,Object89,736,448,0,0,0
course/E06_1.bin,E06_1,148,Object148,592,416,0,0,0
course/E06_1.bin,E06_1,150,Object150,1248,336,0,0,0
course/E06_1.bin,E06_1,150,Object150,1344,352,0,0,0
course/E06_1.bin,E06_1,150,Object150,1440,336,0,0,0
course/E06_1.bin,E06_1,148,Object148,1664,336,0,0,0
course/E06_1.bin,E06_1,150,Object150,1888,368,0,0,0
course/E06_1.bin,E06_1,148,Object148,1120,448,0,0,0
course/E06_1.bin,E06_1,148,Object148,1712,336,0,0,0
course/E06_1.bin,E06_1,89,Object89,2224,416,0,0,0
course/E06_1.bin,E06_1,235,Object235,2448,288,512,256,16
course/E06_1.bin,E06_1,235,Object235,1872,416,0,0,0
course/E06_1.bin,E06_1,149,Object149,2448,432,0,1,0
course/E06_1.bin,E06_1,149,Object149,2576,448,0,1,0
course/E06_1.bin,E06_1,149,Object149,2624,448,0,1,0
course/E06_1.bin,E06_1,149,Object149,2672,448,0,1,0
course/E06_1.bin,E06_1,149,Object149,2704,448,0,1,0
course/E06_1.bin,E06_1,149,Object149,2736,448,0,1,0
course/E06_1.bin,E06_1,149,Object149,2784,448,0,1,0
course/E06_1.bin,E06_1,149,Object149,2816,448,0,1,0
course/E06_1.bin,E06_1,149,Object149,2848,448,0,1,0
course/E06_1.bin,E06_1,235,Object235,3568,432,0,512,0
course/E06_1.bin,E06_1,89,Object89,3376,384,0,0,0
course/E06_1.bin,E06_1,32,,4112,416,0,0,0
course/E06_1.bin,E06_1,148,Object148,1760,336,0,0,0
course/E06_1.bin,E06_1,66,,2848,304,0,0,0
course/E06_1.bin,E06_1,149,Object149,3056,384,0,1,0
course/E06_1.bin,E06_1,149,Object149,3184,448,0,1,0
course/E06_1.bin,E06_1,149,Object149,3168,432,0,1,0
course/E06_1.bin,E06_1,148,Object148,1088,464,0,0,0
course/E06_1.bin,E06_1,198,Object198,0,304,0,0,4096
course/E06_1.bin,E06_1,199,Object199,2416,304,0,0,4096
course/E06_1.bin,E06_1,198,Object198,3152,256,0,4096,4096
course/E06_1.bin,E06_1,199,Object199,3744,256,0,4096,4096
course/E06_1.bin,E06_1,198,Object198,2432,272,0,0,4096
course/E06_1.bin,E06_1,199,Object199,3136,272,0,0,4096
course/E06_1.bin,E06_1,150,Object150,3728,384,0,0,0
course/E06_1.bin,E06_1,22,,272,464,0,0,0
course/E06_1.bin,E06_1,117,Object117,256,416,0,0,0
course/E06_1.bin,E06_1,132,Object132,2048,368,0,0,0
course/E06_1.bin,E06_1,311,Object311,0,256,0,25090,25633
course/E06_1.bin,E06_1,313,Object313,16,256,0,33299,9752
course/E06_1.bin,E06_1,314,Object314,32,256,0,532,2064
course/E06_1.bin,E06_1,32,,784,976,0,0,4096
course/E06_1.bin,E06_1,22,,2384,416,0,16,0
course/E06_1.bin,E06_1,117,Object117,2096,368,0,4112,0
course/E06_1.bin,E06_1,311,Object311,256,832,0,25090,25633
course/E06_1.bin,E06_1,313,Object313,272,832,0,33299,9752
course/E06_1.bin,E06_1,314,Object314,288,832,0,532,2064
course/E07_1.bin,E07_1,237,Object237,928,368,0,0,0
course/E07_1.bin,E07_1,235,Object235,704,464,0,528,0
course/E07_1.bin,E07_1,66,,976,320,0,0,4096
course/E07_1.bin,E07_1,276,Object276,656,576,0,177,0
course/E07_1.bin,E07_1,198,Object198,784,608,0,0,4096
course/E07_1.bin,E07_1,199,Object199,1392,608,0,0,4096
course/E07_1.bin,E07_1,276,Object276,768,784,0,273,0
course/E07_1.bin,E07_1,323,Object323,512,464,0,2,0
course/E07_1.bin,E07_1,32,,1168,752,0,0,0
course/E07_1.bin,E07_1,198,Object198,544,512,0,0,0
course/E07_1.bin,E07_1,199,Object199,592,512,0,0,0
course/E07_1.bin,E07_1,198,Object198,544,288,0,0,4096
course/E07_1.bin,E07_1,199,Object199,1104,288,0,0,4096
course/E07_1.bin,E07_1,311,Object311,0,576,0,25090,25633
course/E07_1.bin,E07_1,313,Object313,16,576,0,33299,9752
course/E07_1.bin,E07_1,314,Object314,32,576,0,532,2064
course/E07_1.bin,E07_1,311,Object311,576,320,0,25090,25633
course/E07_1.bin,E07_1,313,Object313,592,320,0,33299,9752
course/E07_1.bin,E07_1,314,Object314,608,320,0,532,2064
course/E07_1.bin,E07_1,276,Object276,1024,528,0,512,0
course/E07_2.bin,E07_2,237,Object237,336,464,0,0,0
course/E07_2.bin,E07_2,237,Object237,880,464,0,0,0
course/E07_2.bin,E07_2,235,Object235,1024,400,0,1,0
course/E07_2.bin,E07_2,52,Object52,1376,320,0,1,0
course/E07_2.bin,E07_2,52,Object52,160,368,0,0,0
course/E07_2.bin,E07_2,52,Object52,1568,352,0,1,0
course/E07_2.bin,E07_2,52,Object52,1792,400,0,1,0
course/E07_2.bin,E07_2,148,Object148,1920,352,0,0,0
course/E07_2.bin,E07_2,52,Object52,1968,320,0,1,0
course/E07_2.bin,E07_2,235,Object235,2448,464,0,256,0
course/E07_2.bin,E07_2,237,Object237,2816,368,0,0,0
course/E07_2.bin,E07_2,52,Object52,2368,400,0,1,0
course/E07_2.bin,E07_2,107,Object107,2960,464,1,0,16
course/E07_2.bin,E07_2,197,Object197,3104,464,1,288,4096
course/E07_2.bin,E07_2,197,Object197,3136,464,2,288,4096
course/E07_2.bin,E07_2,197,Object197,3168,464,3,256,4096
course/E07_2.bin,E07_2,197,Object197,3184,464,4,256,4096
course/E07_2.bin,E07_2,197,Object197,3200,464,5,256,4096
course/E07_2.bin,E07_2,197,Object197,3216,448,6,258,4096
course/E07_2.bin,E07_2,197,Object197,3232,464,7,256,4096
course/E07_2.bin,E07_2,197,Object197,3248,464,8,256,4096
course/E07_2.bin,E07_2,197,Object197,3264,464,9,256,4096
course/E07_2.bin,E07_2,197,Object197,3280,432,10,259,4096
course/E07_2.bin,E07_2,197,Object197,3296,464,11,256,4096
course/E07_2.bin,E07_2,197,Object197,3312,464,12,256,4096
course/E07_2.bin,E07_2,197,Object197,3328,480,13,256,4096
course/E07_2.bin,E07_2,197,Object197,3344,480,14,256,4096
course/E07_2.bin,E07_2,197,Object197,3360,416,15,261,4096
course/E07_2.bin,E07_2,197,Object197,3376,464,16,256,4096
course/E07_2.bin,E07_2,197,Object197,3392,464,17,256,4096
course/E07_2.bin,E07_2,197,Object197,3408,464,18,256,4096
course/E07_2.bin,E07_2,197,Object197,3424,464,19,256,4096
course/E07_2.bin,E07_2,197,Object197,3440,464,20,256,4096
course/E07_2.bin,E07_2,197,Object197,3456,464,21,256,4096
course/E07_2.bin,E07_2,197,Object197,3472,448,22,258,4096
course/E07_2.bin,E07_2,197,Object197,3488,432,23,259,4096
course/E07_2.bin,E07_2,197,Object197,3504,416,24,260,4096
course/E07_2.bin,E07_2,197,Object197,3552,416,25,260,4096
course/E07_2.bin,E07_2,197,Object197,3568,432,26,259,4096
course/E07_2.bin,E07_2,197,Object197,3584,448,27,258,4096
course/E07_2.bin,E07_2,197,Object197,3600,464,28,256,4096
course/E07_2.bin,E07_2,197,Object197,3616,464,29,256,4096
course/E07_2.bin,E07_2,197,Object197,3632,464,30,256,4096
course/E07_2.bin,E07_2,197,Object197,3648,464,31,256,4096
course/E07_2.bin,E07_2,197,Object197,3664,464,32,256,4096
course/E07_2.bin,E07_2,197,Object197,3680,416,33,260,4096
course/E07_2.bin,E07_2,197,Object197,3696,416,34,260,4096
course/E07_2.bin,E07_2,197,Object197,3712,464,35,256,4096
course/E07_2.bin,E07_2,197,Object197,3728,464,36,256,4096
course/E07_2.bin,E07_2,197,Object197,3744,464,37,256,4096
course/E07_2.bin,E07_2,197,Object197,3760,464,38,256,4096
course/E07_2.bin,E07_2,197,Object197,3776,432,39,259,4096
course/E07_2.bin,E07_2,197,Object197,3792,464,40,256,4096
course/E07_2.bin,E07_2,197,Object197,3808,464,41,256,4096
course/E07_2.bin,E07_2,197,Object197,3824,432,42,259,4096
course/E07_2.bin,E07_2,197,Object197,3840,464,43,256,4096
course/E07_2.bin,E07_2,197,Object197,3856,432,44,259,4096
course/E07_2.bin,E07_2,197,Object197,3872,464,45,256,4096
course/E07_2.bin,E07_2,197,Object197,3888,464,46,256,4096
course/E07_2.bin,E07_2,197,Object197,3904,464,47,256,4096
course/E07_2.bin,E07_2,197,Object197,3920,464,48,256,4096
course/E07_2.bin,E07_2,197,Object197,3936,464,49,256,4096
course/E07_2.bin,E07_2,197,Object197,3952,432,50,290,4096
course/E07_2.bin,E07_2,286,Object285,2960,432,306,0,768
course/E07_2.bin,E07_2,237,Object237,3072,304,0,0,0
course/E07_2.bin,E07_2,237,Object237,3280,304,0,0,0
course/E07_2.bin,E07_2,237,Object237,3456,304,0,0,0
course/E07_2.bin,E07_2,237,Object237,3952,304,0,0,0
course/E07_2.bin,E07_2,155,Object155,2688,208,0,66,17
course/E07_2.bin,E07_2,80,Object80,2192,272,0,0,1
course/E07_2.bin,E07_2,80,Object80,2032,496,0,0,0
course/E07_2.bin,E07_2,117,Object117,160,432,0,0,0
course/E07_2.bin,E07_2,22,,208,464,0,0,0
course/E07_2.bin,E07_2,132,Object132,2496,384,0,0,0
course/E07_2.bin,E07_2,45,Object45,992,416,0,8192,0
course/E07_2.bin,E07_2,117,Object117,2592,416,0,4112,0
course/E07_2.bin,E07_2,22,,2672,352,0,16,0
course/E08_1.bin,E08_1,237,Object237,304,2064,0,0,0
course/E08_1.bin,E08_1,237,Object237,256,2208,0,0,0
course/E08_1.bin,E08_1,237,Object237,160,2400,0,0,0
course/E08_1.bin,E08_1,237,Object237,208,2832,0,0,0
course/E08_1.bin,E08_1,237,Object237,336,2656,0,0,0
course/E08_1.bin,E08_1,237,Object237,160,3040,0,0,0
course/E08_1.bin,E08_1,237,Object237,320,2368,0,0,0
course/E08_1.bin,E08_1,300,,304,1760,0,0,0
course/E08_1.bin,E08_1,38,Object38,48,560,0,0,0
course/E08_1.bin,E08_1,235,Object235,416,2480,0,0,0
course/E08_1.bin,E08_1,38,Object38,144,1392,0,0,0
course/E08_1.bin,E08_1,117,Object117,240,2928,0,0,0
course/E08_1.bin,E08_1,22,,448,2944,0,0,0
course/E08_1.bin,E08_1,237,Object237,160,2016,0,0,0
course/E08_1.bin,E08_1,310,Object310,0,3024,0,26656,8352
course/E08_1.bin,E08_1,310,Object310,16,3024,0,26640,117
course/E08_1.bin,E08_1,276,Object276,176,1872,0,1313,0
course/E08_1.bin,E08_1,276,Object276,416,1808,0,1536,0
course/E08_2.bin,E08_2,300,,1168,1360,0,8,0
course/E08_2.bin,E08_2,284,Object274,1344,592,0,0,0
course/E08_2.bin,E08_2,284,Object274,1552,544,0,0,0
course/E08_2.bin,E08_2,284,Object274,1088,432,0,0,0
course/E08_2.bin,E08_2,38,Object38,1072,112,0,0,0
course/E08_2.bin,E08_2,235,Object235,1600,528,0,512,0
course/E08_2.bin,E08_2,284,Object274,1280,1296,0,0,0
course/E08_2.bin,E08_2,235,Object235,880,2368,0,256,0
course/E08_2.bin,E08_2,310,Object310,1024,1392,0,26656,8352
course/E08_2.bin,E08_2,310,Object310,1040,1392,0,26640,117
course/E08_2.bin,E08_2,237,Object237,992,2480,0,0,0
course/E08_2.bin,E08_2,237,Object237,784,2480,0,0,0
course/E08_2.bin,E08_2,237,Object237,784,2416,0,0,0
course/E08_2.bin,E08_2,237,Object237,992,2416,0,0,0
course/E08_2.bin,E08_2,237,Object237,992,2528,0,0,0
course/E08_2.bin,E08_2,237,Object237,784,2528,0,0,0
course/E08_2.bin,E08_2,284,Object274,1040,1264,0,0,0
course/E08_2.bin,E08_2,310,Object310,768,2544,0,26656,8352
course/E08_2.bin,E08_2,310,Object310,784,2544,0,26640,117
course/E08_2.bin,E08_2,310,Object310,768,2560,0,26656,8352
course/E08_2.bin,E08_2,310,Object310,784,2560,0,26640,117
course/E08_3.bin,E08_3,32,,1776,192,0,0,0
course/E08_3.bin,E08_3,32,,480,208,0,0,4096
course/E08_3.bin,E08_3,310,Object310,144,240,0,26656,8352
course/E08_3.bin,E08_3,310,Object310,160,240,0,26640,117
course/E08_3.bin,E08_3,310,Object310,1280,224,0,26656,8352
course/E08_3.bin,E08_3,310,Object310,1296,224,0,26640,117
course/E08_3.bin,E08_3,38,Object38,144,112,0,0,0
course/E09_1.bin,E09_1,78,Object78,640,2752,0,13,272
course/E09_1.bin,E09_1,218,Object218,640,2720,0,0,2
course/E09_1.bin,E09_1,102,Object102,784,2464,0,17,0
course/E09_1.bin,E09_1,102,Object102,784,2240,0,17,0
course/E09_1.bin,E09_1,102,Object102,480,1888,0,2,0
course/E09_1.bin,E09_1,102,Object102,480,1776,0,2,0
course/E09_1.bin,E09_1,102,Object102,480,1648,0,2,0
course/E09_1.bin,E09_1,102,Object102,768,1456,0,17,0
course/E09_1.bin,E09_1,102,Object102,784,1328,0,17,0
course/E09_1.bin,E09_1,115,Object115,800,1088,0,17,0
course/E09_1.bin,E09_1,235,Object235,672,2432,0,0,0
course/E09_1.bin,E09_1,235,Object235,624,1504,0,256,0
course/E09_1.bin,E09_1,235,Object235,720,752,0,512,0
course/E09_1.bin,E09_1,53,Object53,624,864,0,0,0
course/E09_1.bin,E09_1,53,Object53,592,704,0,0,0
course/E09_1.bin,E09_1,53,Object53,688,1552,0,0,0
course/E09_1.bin,E09_1,53,Object53,688,2352,0,0,0
course/E09_1.bin,E09_1,53,Object53,704,2080,0,0,0
course/E09_1.bin,E09_1,53,Object53,544,1792,0,0,0
course/E09_1.bin,E09_1,53,Object53,560,2080,0,0,0
course/E09_1.bin,E09_1,117,Object117,640,2544,0,4096,0
course/E09_1.bin,E09_1,22,,704,2736,0,256,0
course/E09_2.bin,E09_2,220,Object220,416,448,0,528,0
course/E10_1.bin,E10_1,53,Object53,416,416,0,0,0
course/E10_1.bin,E10_1,53,Object53,1472,432,0,0,0
course/E10_1.bin,E10_1,120,Object120,672,400,0,0,0
course/E10_1.bin,E10_1,120,Object120,880,400,0,0,0
course/E10_1.bin,E10_1,120,Object120,1024,352,0,0,0
course/E10_1.bin,E10_1,120,Object120,1200,336,0,0,0
course/E10_1.bin,E10_1,235,Object235,1200,416,0,0,0
course/E10_1.bin,E10_1,53,Object53,1584,400,0,0,0
course/E10_1.bin,E10_1,53,Object53,1728,432,0,0,0
course/E10_1.bin,E10_1,53,Object53,1840,384,0,0,0
course/E10_1.bin,E10_1,53,Object53,1984,416,0,0,0
course/E10_1.bin,E10_1,123,Object123,2384,352,0,0,0
course/E10_1.bin,E10_1,53,Object53,2608,416,0,0,0
course/E10_1.bin,E10_1,53,Object53,2672,368,0,0,0
course/E10_1.bin,E10_1,53,Object53,2736,368,0,0,0
course/E10_1.bin,E10_1,193,Object193,2848,368,0,0,0
course/E10_1.bin,E10_1,120,Object120,2912,448,0,0,0
course/E10_1.bin,E10_1,53,Object53,4400,432,0,0,0
course/E10_1.bin,E10_1,53,Object53,4864,368,0,0,0
course/E10_1.bin,E10_1,53,Object53,4464,400,0,0,0
course/E10_1.bin,E10_1,193,Object193,4944,368,0,0,0
course/E10_1.bin,E10_1,53,Object53,2432,464,0,0,0
course/E10_1.bin,E10_1,120,Object120,3424,400,0,0,0
course/E10_1.bin,E10_1,120,Object120,3584,384,0,0,0
course/E10_1.bin,E10_1,120,Object120,3296,400,0,0,0
course/E10_1.bin,E10_1,33,,2752,368,0,0,0
course/E10_1.bin,E10_1,235,Object235,2448,304,0,256,0
course/E10_1.bin,E10_1,122,Object122,3968,384,0,0,0
course/E10_1.bin,E10_1,235,Object235,4800,448,0,512,0
course/E10_1.bin,E10_1,53,Object53,2816,368,0,0,0
course/E10_1.bin,E10_1,132,Object132,3168,416,0,0,0
course/E10_1.bin,E10_1,228,Object228,3552,352,0,1,0
course/E10_2.bin,E10_2,229,Object229,448,464,48,0,0
course/E10_2.bin,E10_2,39,Object39,400,464,48,2,0
course/E10_2.bin,E10_2,129,Object129,512,464,0,0,0
course/E11_1.bin,E11_1,128,Object128,384,432,0,0,32768
course/E11_1.bin,E11_1,311,Object311,144,480,0,25090,25633
course/E11_1.bin,E11_1,313,Object313,160,480,0,33299,9752
course/E11_1.bin,E11_1,314,Object314,176,480,0,41492,51228
course/F01_1.bin,F01_1,241,Object241,640,448,0,776,3
course/F01_1.bin,F01_1,241,Object241,1200,432,0,260,2
course/F01_1.bin,F01_1,150,Object150,2624,208,0,32,0
course/F01_1.bin,F01_1,150,Object150,2704,208,0,32,0
course/F01_1.bin,F01_1,150,Object150,2752,208,0,32,0
course/F01_1.bin,F01_1,241,Object241,3008,272,0,9736,5
course/F01_1.bin,F01_1,241,Object241,3008,352,0,258,2
course/F01_1.bin,F01_1,241,Object241,3216,432,0,258,2
course/F01_1.bin,F01_1,241,Object241,3552,464,0,266,4
course/F01_1.bin,F01_1,235,Object235,1792,192,0,256,0
course/F01_1.bin,F01_1,57,Object57,816,416,0,0,16
course/F01_1.bin,F01_1,57,Object57,832,416,0,0,16
course/F01_1.bin,F01_1,57,Object57,848,416,0,0,16
course/F01_1.bin,F01_1,57,Object57,944,352,0,0,0
course/F01_1.bin,F01_1,57,Object57,960,352,0,0,0
course/F01_1.bin,F01_1,57,Object57,1024,416,0,0,16
course/F01_1.bin,F01_1,57,Object57,1072,416,0,0,16
course/F01_1.bin,F01_1,57,Object57,2656,240,0,0,16
course/F01_1.bin,F01_1,57,Object57,2672,240,0,0,16
course/F01_1.bin,F01_1,57,Object57,2720,240,0,0,16
course/F01_1.bin,F01_1,57,Object57,2736,240,0,0,16
course/F01_1.bin,F01_1,32,,4080,448,0,0,0
course/F01_1.bin,F01_1,57,Object57,272,416,0,0,16
course/F01_1.bin,F01_1,57,Object57,304,416,0,0,16
course/F01_1.bin,F01_1,57,Object57,336,416,0,0,16
course/F01_1.bin,F01_1,57,Object57,896,368,0,0,0
course/F01_1.bin,F01_1,57,Object57,1008,368,0,0,0
course/F01_1.bin,F01_1,241,Object241,208,448,0,260,2
course/F01_1.bin,F01_1,235,Object235,1408,208,0,0,0
course/F01_1.bin,F01_1,55,Object55,4112,416,0,2,1
course/F01_1.bin,F01_1,235,Object235,3712,448,0,529,0
course/F01_1.bin,F01_1,57,Object57,3696,384,0,0,16
course/F01_1.bin,F01_1,57,Object57,3760,384,0,0,16
course/F01_1.bin,F01_1,57,Object57,1088,368,0,0,0
course/F01_1.bin,F01_1,57,Object57,496,208,0,0,256
course/F01_1.bin,F01_1,57,Object57,544,240,0,0,272
course/F01_1.bin,F01_1,57,Object57,560,272,0,0,256
course/F01_1.bin,F01_1,150,Object150,2400,240,0,17,0
course/F01_1.bin,F01_1,117,Object117,320,384,0,0,0
course/F01_1.bin,F01_1,22,,176,448,0,0,0
course/F01_1.bin,F01_1,198,Object198,2000,368,0,0,0
course/F01_1.bin,F01_1,199,Object199,2432,368,0,0,0
course/F01_1.bin,F01_1,131,Object131,1984,288,0,0,0
course/F01_1.bin,F01_1,22,,2240,336,0,16,0
course/F01_1.bin,F01_1,117,Object117,2192,256,0,4112,0
course/F01_2.bin,F01_2,68,Object68,400,448,0,513,0
course/F01_2.bin,F01_2,68,Object68,400,400,0,513,1
course/F01_2.bin,F01_2,68,Object68,400,416,0,513,0
course/F01_2.bin,F01_2,68,Object68,400,368,0,513,1
course/F01_2.bin,F01_2,68,Object68,400,384,0,513,0
course/F01_2.bin,F01_2,222,Object222,352,352,0,16,0
course/F01_2.bin,F01_2,222,Object222,336,352,0,16,0
course/F01_2.bin,F01_2,222,Object222,368,352,0,16,0
course/F01_2.bin,F01_2,222,Object222,288,432,0,16,0
course/F01_2.bin,F01_2,222,Object222,304,432,0,16,0
course/F01_2.bin,F01_2,222,Object222,352,416,0,1,0
course/F01_2.bin,F01_2,236,Object236,336,448,0,256,4353
course/F01_2.bin,F01_2,222,Object222,416,336,0,1,0
course/F01_2.bin,F01_2,222,Object222,368,432,0,16,0
course/F02_1.bin,F02_1,231,Object231,80,224,0,272,287
course/F02_1.bin,F02_1,37,Object37,3504,944,0,0,0
course/F02_1.bin,F02_1,37,Object37,3456,944,0,0,0
course/F02_1.bin,F02_1,231,Object231,0,992,0,2080,287
course/F02_1.bin,F02_1,37,Object37,464,192,0,0,0
course/F02_1.bin,F02_1,37,Object37,944,144,0,0,0
course/F02_1.bin,F02_1,37,Object37,3600,944,0,0,0
course/F02_1.bin,F02_1,37,Object37,3712,944,0,0,0
course/F02_1.bin,F02_1,37,Object37,3568,944,0,0,0
course/F02_1.bin,F02_1,37,Object37,1024,960,0,0,0
course/F02_1.bin,F02_1,37,Object37,1312,960,0,0,0
course/F02_1.bin,F02_1,37,Object37,1312,848,0,0,0
course/F02_1.bin,F02_1,37,Object37,1424,896,0,0,0
course/F02_1.bin,F02_1,22,,608,160,0,0,0
course/F02_1.bin,F02_1,117,Object117,288,144,0,4096,0
course/F02_1.bin,F02_1,132,Object132,2720,784,0,1,0
course/F02_1.bin,F02_1,37,Object37,3744,944,0,0,0
course/F02_1.bin,F02_1,235,Object235,3392,896,0,512,0
course/F02_1.bin,F02_1,37,Object37,3648,944,0,0,0
course/F02_1.bin,F02_1,37,Object37,336,944,0,0,0
course/F02_1.bin,F02_1,235,Object235,1104,592,0,16,0
course/F02_1.bin,F02_1,235,Object235,2240,784,0,256,0
course/F02_1.bin,F02_1,37,Object37,1168,896,0,0,0
course/F02_1.bin,F02_1,37,Object37,4480,912,0,0,0
course/F02_1.bin,F02_1,32,,2320,176,0,0,0
course/F02_1.bin,F02_1,231,Object231,1648,240,0,272,9247
course/F02_1.bin,F02_1,22,,3136,832,0,16,0
course/F02_1.bin,F02_1,117,Object117,2928,800,0,4113,0
course/F02_1.bin,F02_1,290,,784,96,0,4352,0
course/F02_1.bin,F02_1,290,,896,80,0,4097,0
course/F02_1.bin,F02_1,290,,1024,144,0,8192,0
course/F02_1.bin,F02_1,37,Object37,688,208,0,0,0
course/F02_1.bin,F02_1,37,Object37,3808,944,0,0,0
course/F02_1.bin,F02_1,37,Object37,4096,944,0,0,0
course/F02_1.bin,F02_1,34,,640,928,1,0,0
course/F02_1.bin,F02_1,290,,1136,848,0,4096,0
course/F02_1.bin,F02_1,290,,1312,800,0,4097,0
course/F02_1.bin,F02_1,290,,1440,848,0,4096,0
course/F02_1.bin,F02_1,290,,800,672,0,8192,0
course/F02_1.bin,F02_1,88,Object88,672,624,0,0,4096
course/F02_1.bin,F02_1,290,,752,640,0,8192,0
course/F02_1.bin,F02_1,228,Object228,2896,912,0,1,0
course/F02_1.bin,F02_1,37,Object37,3360,832,0,0,0
course/F02_1.bin,F02_1,290,,1616,832,0,4097,0
course/F02_1.bin,F02_1,290,,1536,816,0,4096,0
course/F02_1.bin,F02_1,198,Object198,2320,208,0,0,0
course/F02_1.bin,F02_1,199,Object199,2544,208,0,0,0
course/F02_1.bin,F02_1,189,Object189,1728,880,0,4,0
course/F02_1.bin,F02_1,155,Object155,1728,512,0,518,291
course/F02_1.bin,F02_1,189,Object189,1824,864,0,0,0
course/F02_1.bin,F02_1,189,Object189,2064,864,0,3,0
course/F02_1.bin,F02_1,189,Object189,2416,880,0,2,0
course/F02_1.bin,F02_1,290,,864,656,0,8192,0
course/F02_1.bin,F02_1,290,,928,672,0,8192,0
course/F02_1.bin,F02_1,57,Object57,1984,704,0,0,256
course/F02_1.bin,F02_1,57,Object57,2000,704,0,0,256
course/F02_1.bin,F02_1,57,Object57,2016,704,0,0,256
course/F02_1.bin,F02_1,57,Object57,2464,720,0,0,256
course/F02_1.bin,F02_1,57,Object57,2480,720,0,0,256
course/F02_1.bin,F02_1,57,Object57,2496,720,0,0,256
course/F02_1.bin,F02_1,106,FireSnake,576,800,1,0,0
course/F02_1.bin,F02_1,106,FireSnake,624,832,1,0,0
course/F02_1.bin,F02_1,106,FireSnake,656,832,1,0,0
course/F02_1.bin,F02_1,106,FireSnake,704,800,1,0,0
course/F02_1.bin,F02_1,106,FireSnake,752,800,1,0,0
course/F02_1.bin,F02_1,106,FireSnake,800,832,1,0,0
course/F02_1.bin,F02_1,106,FireSnake,912,864,1,0,0
course/F02_1.bin,F02_1,106,FireSnake,928,864,1,0,0
course/F02_1.bin,F02_1,37,Object37,992,208,0,0,0
course/F02_1.bin,F02_1,37,Object37,4576,880,0,0,0
course/F02_2.bin,F02_2,78,Object78,128,400,0,11,2
course/F02_2.bin,F02_2,218,Object218,144,368,0,257,2
course/F02_2.bin,F02_2,290,,512,304,0,0,0
course/F02_2.bin,F02_2,290,,528,304,0,3,0
course/F02_2.bin,F02_2,290,,544,304,0,0,0
course/F02_2.bin,F02_2,290,,560,304,0,0,0
course/F02_2.bin,F02_2,290,,576,304,0,0,0
course/F02_2.bin,F02_2,290,,592,304,0,0,0
course/F02_2.bin,F02_2,290,,608,304,0,0,0
course/F02_2.bin,F02_2,290,,624,304,0,0,0
course/F02_2.bin,F02_2,290,,640,304,0,0,0
course/F02_2.bin,F02_2,290,,656,304,0,0,0
course/F02_2.bin,F02_2,290,,672,304,0,0,0
course/F02_2.bin,F02_2,290,,688,304,0,0,0
course/F02_2.bin,F02_2,290,,704,304,0,0,0
course/F02_2.bin,F02_2,290,,720,304,0,0,0
course/F02_2.bin,F02_2,290,,736,304,0,0,0
course/F02_2.bin,F02_2,290,,752,304,0,0,0
course/F02_2.bin,F02_2,290,,768,304,0,0,0
course/F02_2.bin,F02_2,290,,784,304,0,0,0
course/F02_2.bin,F02_2,290,,800,304,0,0,0
course/F02_2.bin,F02_2,290,,816,304,0,3,0
course/F02_2.bin,F02_2,290,,832,304,0,0,0
course/F02_2.bin,F02_2,290,,848,304,0,0,0
course/F02_2.bin,F02_2,290,,864,304,0,0,0
course/F02_2.bin,F02_2,290,,880,304,0,0,0
course/F02_2.bin,F02_2,290,,896,304,0,0,0
course/F02_2.bin,F02_2,290,,912,304,0,0,0
course/F02_2.bin,F02_2,290,,928,304,0,0,0
course/F02_2.bin,F02_2,290,,944,304,0,0,0
course/F02_2.bin,F02_2,290,,960,304,0,0,0
course/F02_2.bin,F02_2,290,,976,304,0,0,0
course/F02_2.bin,F02_2,290,,992,304,0,0,0
course/F02_2.bin,F02_2,290,,1008,304,0,0,0
course/F02_2.bin,F02_2,290,,1024,304,0,0,0
course/F02_2.bin,F02_2,290,,1040,304,0,0,0
course/F02_2.bin,F02_2,290,,1056,304,0,0,0
course/F02_2.bin,F02_2,290,,1072,304,0,3,0
course/F02_2.bin,F02_2,290,,1088,304,0,0,0
course/F02_2.bin,F02_2,290,,1104,304,0,0,0
course/F02_2.bin,F02_2,290,,1120,304,0,0,0
course/F02_2.bin,F02_2,290,,1136,304,0,0,0
course/F02_2.bin,F02_2,290,,1152,304,0,0,0
course/F02_2.bin,F02_2,290,,1168,304,0,0,0
course/F02_2.bin,F02_2,290,,1184,304,0,0,0
course/F02_2.bin,F02_2,290,,1200,304,0,0,0
course/F02_2.bin,F02_2,290,,1216,304,0,0,0
course/F02_2.bin,F02_2,290,,1232,304,0,0,0
course/F02_2.bin,F02_2,290,,1248,304,0,0,0
course/F02_2.bin,F02_2,290,,1264,304,0,0,0
course/F02_2.bin,F02_2,290,,1280,304,0,0,0
course/F02_2.bin,F02_2,290,,1296,304,0,0,0
course/F02_2.bin,F02_2,290,,1312,304,0,0,0
course/F02_2.bin,F02_2,290,,1328,304,0,0,0
course/F02_2.bin,F02_2,290,,1344,304,0,0,0
course/F02_2.bin,F02_2,290,,1360,304,0,0,0
course/F02_2.bin,F02_2,290,,1376,304,0,0,0
course/F02_2.bin,F02_2,290,,1392,304,0,3,0
course/F02_2.bin,F02_2,290,,1408,304,0,0,0
course/F02_2.bin,F02_2,290,,1424,304,0,0,0
course/F02_2.bin,F02_2,290,,1440,304,0,0,0
course/F02_2.bin,F02_2,290,,1456,304,0,0,0
course/F02_2.bin,F02_2,290,,1472,304,0,0,0
course/F02_2.bin,F02_2,290,,1488,304,0,0,0
course/F02_2.bin,F02_2,290,,1504,304,0,0,0
course/F02_2.bin,F02_2,290,,1520,304,0,0,0
course/F02_2.bin,F02_2,290,,1536,304,0,0,0
course/F02_2.bin,F02_2,290,,1552,304,0,0,0
course/F02_2.bin,F02_2,290,,1568,304,0,0,0
course/F02_2.bin,F02_2,290,,1584,304,0,0,0
course/F02_2.bin,F02_2,290,,1600,304,0,0,0
course/F02_2.bin,F02_2,290,,1616,304,0,0,0
course/F02_2.bin,F02_2,290,,1632,304,0,0,0
course/F02_2.bin,F02_2,290,,1648,304,0,0,0
course/F02_2.bin,F02_2,290,,1664,304,0,0,0
course/F02_2.bin,F02_2,290,,1680,304,0,0,0
course/F02_2.bin,F02_2,290,,1696,304,0,0,0
course/F02_2.bin,F02_2,290,,1712,304,0,0,0
course/F02_2.bin,F02_2,290,,1728,304,0,0,0
course/F02_2.bin,F02_2,290,,1744,304,0,0,0
course/F02_2.bin,F02_2,290,,1760,304,0,0,0
course/F02_2.bin,F02_2,290,,1776,304,0,0,0
course/F02_2.bin,F02_2,290,,1792,304,0,0,0
course/F02_2.bin,F02_2,290,,1808,304,0,0,0
course/F02_2.bin,F02_2,290,,1824,304,0,0,0
course/F02_2.bin,F02_2,290,,1840,304,0,0,0
course/F02_2.bin,F02_2,290,,1856,304,0,0,0
course/F02_2.bin,F02_2,290,,1872,304,0,0,0
course/F02_2.bin,F02_2,290,,1888,304,0,0,0
course/F02_2.bin,F02_2,290,,1904,304,0,3,0
course/F02_2.bin,F02_2,290,,1920,304,0,0,0
course/F02_2.bin,F02_2,290,,1936,304,0,0,0
course/F02_2.bin,F02_2,290,,1952,304,0,0,0
course/F02_2.bin,F02_2,290,,1968,304,0,3,0
course/F02_2.bin,F02_2,290,,1984,304,0,0,0
course/F02_2.bin,F02_2,290,,2000,304,0,0,0
course/F02_2.bin,F02_2,290,,2016,304,0,0,0
course/F02_2.bin,F02_2,290,,2032,304,0,0,0
course/F02_2.bin,F02_2,290,,2048,304,0,0,0
course/F02_2.bin,F02_2,290,,2064,304,0,0,0
course/F02_2.bin,F02_2,290,,2080,304,0,0,0
course/F02_2.bin,F02_2,290,,2096,304,0,0,0
course/F02_2.bin,F02_2,290,,2112,304,0,0,0
course/F02_2.bin,F02_2,290,,2128,304,0,0,0
course/F02_2.bin,F02_2,290,,2144,304,0,0,0
course/F02_2.bin,F02_2,290,,2160,304,0,0,0
course/F02_2.bin,F02_2,290,,2176,304,0,0,0
course/F02_2.bin,F02_2,290,,2192,304,0,0,0
course/F02_2.bin,F02_2,290,,2208,304,0,0,0
course/F02_2.bin,F02_2,290,,2224,304,0,0,0
course/F02_2.bin,F02_2,290,,2240,304,0,0,0
course/F02_2.bin,F02_2,290,,2256,304,0,0,0
course/F02_2.bin,F02_2,290,,2272,304,0,0,0
course/F02_2.bin,F02_2,290,,2288,304,0,0,0
course/F02_2.bin,F02_2,290,,2304,304,0,0,0
course/F02_2.bin,F02_2,290,,2320,304,0,0,0
course/F02_2.bin,F02_2,290,,2336,304,0,0,0
course/F02_2.bin,F02_2,290,,2352,304,0,0,0
course/F02_2.bin,F02_2,290,,2368,304,0,0,0
course/F02_2.bin,F02_2,290,,2384,304,0,0,0
course/F02_2.bin,F02_2,290,,2400,304,0,0,0
course/F02_2.bin,F02_2,290,,2416,304,0,3,0
course/F02_2.bin,F02_2,290,,2432,304,0,0,0
course/F02_2.bin,F02_2,290,,2448,304,0,0,0
course/F02_2.bin,F02_2,290,,2464,304,0,0,0
course/F02_2.bin,F02_2,290,,2480,304,0,0,0
course/F02_2.bin,F02_2,290,,2496,304,0,0,0
course/F02_2.bin,F02_2,290,,2512,304,0,0,0
course/F02_2.bin,F02_2,290,,2528,304,0,0,0
course/F02_2.bin,F02_2,290,,2544,304,0,3,0
course/F02_2.bin,F02_2,323,Object323,0,432,0,8,0
course/F02_2.bin,F02_2,323,Object323,2560,416,0,3,0
course/F02_2.bin,F02_2,323,Object323,2720,432,0,9,0
course/F02_2.bin,F02_2,155,Object155,256,496,0,3848,4112
course/F02_2.bin,F02_2,155,Object155,496,496,0,3848,4112
course/F02_2.bin,F02_2,155,Object155,736,496,0,3848,4112
course/F02_2.bin,F02_2,155,Object155,976,496,0,3848,4112
course/F02_2.bin,F02_2,155,Object155,1216,496,0,3848,4112
course/F02_2.bin,F02_2,155,Object155,1456,496,0,3848,4112
course/F02_2.bin,F02_2,155,Object155,1696,496,0,3848,4112
course/F02_2.bin,F02_2,155,Object155,1936,496,0,3848,4112
course/F02_2.bin,F02_2,155,Object155,2176,496,0,3848,4112
course/F02_2.bin,F02_2,155,Object155,2416,496,0,3848,4112
course/F02_2.bin,F02_2,315,Object315,80,288,0,34880,250
course/F02_2.bin,F02_2,315,Object315,112,288,0,34880,240
course/F02_2.bin,F02_2,155,Object155,2656,496,0,2056,4112
course/F03_1.bin,F03_1,23,Object23,784,688,0,0,0
course/F03_1.bin,F03_1,23,Object23,912,688,0,1,0
course/F03_1.bin,F03_1,23,Object23,1024,720,0,0,0
course/F03_1.bin,F03_1,23,Object23,224,672,0,1,0
course/F03_1.bin,F03_1,23,Object23,288,736,0,0,0
course/F03_1.bin,F03_1,23,Object23,2784,624,0,0,0
course/F03_1.bin,F03_1,23,Object23,2816,656,0,0,0
course/F03_1.bin,F03_1,227,Object227,1360,704,0,0,0
course/F03_1.bin,F03_1,144,Object144,128,656,0,1,0
course/F03_1.bin,F03_1,144,Object144,2688,656,0,1,0
course/F03_1.bin,F03_1,191,Object191,384,640,0,0,144
course/F03_1.bin,F03_1,144,Object144,2592,688,0,0,0
course/F03_1.bin,F03_1,235,Object235,448,592,0,1,0
course/F03_1.bin,F03_1,117,Object117,192,656,0,1,0
course/F03_1.bin,F03_1,132,Object132,1360,656,0,0,0
course/F03_1.bin,F03_1,32,,3056,736,0,0,0
course/F03_1.bin,F03_1,23,Object23,640,704,0,0,0
course/F03_1.bin,F03_1,235,Object235,1120,656,0,512,0
course/F03_1.bin,F03_1,144,Object144,1296,640,0,1,0
course/F03_1.bin,F03_1,23,Object23,848,688,0,0,0
course/F03_1.bin,F03_1,45,Object45,2640,672,0,0,0
course/F03_1.bin,F03_1,45,Object45,2736,640,0,0,0
course/F03_1.bin,F03_1,191,Object191,2912,608,0,0,144
course/F03_1.bin,F03_1,321,,0,752,0,20480,33043
course/F03_1.bin,F03_1,322,,16,752,0,40960,291
course/F03_1.bin,F03_1,22,,448,720,0,0,0
course/F03_1.bin,F03_1,117,Object117,1408,656,0,17,0
course/F03_1.bin,F03_1,22,,1328,688,0,16,0
course/F03_2.bin,F03_2,235,Object235,160,176,0,256,0
course/F03_2.bin,F03_2,259,Object259,0,224,0,0,15
course/F03_2.bin,F03_2,111,Object111,528,224,0,0,20480
course/F03_2.bin,F03_2,24,Object24,704,96,0,0,0
course/F03_2.bin,F03_2,24,Object24,976,128,0,0,0
course/F03_2.bin,F03_2,24,Object24,1184,112,0,0,0
course/F03_2.bin,F03_2,111,Object111,912,224,0,0,20480
course/F03_2.bin,F03_2,23,Object23,688,208,0,0,0
course/F03_2.bin,F03_2,24,Object24,896,112,0,0,0
course/F03_2.bin,F03_2,111,Object111,224,736,0,0,20480
course/F03_2.bin,F03_2,259,Object259,0,736,0,0,15
course/F03_2.bin,F03_2,111,Object111,496,736,0,0,20480
course/F03_2.bin,F03_2,24,Object24,560,112,0,0,0
course/F03_2.bin,F03_2,23,Object23,720,208,0,0,0
course/F03_2.bin,F03_2,34,,368,640,23,0,0
course/F03_2.bin,F03_2,106,FireSnake,432,688,23,0,0
course/F03_2.bin,F03_2,106,FireSnake,928,624,23,0,0
course/F03_2.bin,F03_2,106,FireSnake,560,688,23,0,0
course/F03_2.bin,F03_2,106,FireSnake,624,640,23,0,0
course/F03_2.bin,F03_2,106,FireSnake,688,688,23,0,0
course/F03_2.bin,F03_2,106,FireSnake,752,688,23,0,0
course/F03_2.bin,F03_2,106,FireSnake,816,688,23,0,0
course/F03_2.bin,F03_2,106,FireSnake,896,688,23,0,0
course/F03_2.bin,F03_2,111,Object111,768,736,0,0,20480
course/F04_1.bin,F04_1,32,,3664,448,0,0,0
course/F04_1.bin,F04_1,56,Object56,384,608,0,278,0
course/F04_1.bin,F04_1,56,Object56,1088,496,0,4117,0
course/F04_1.bin,F04_1,56,Object56,1088,624,0,5,0
course/F04_1.bin,F04_1,56,Object56,800,512,0,276,0
course/F04_1.bin,F04_1,56,Object56,928,512,0,4372,0
course/F04_1.bin,F04_1,56,Object56,1408,608,0,4119,0
course/F04_1.bin,F04_1,56,Object56,1680,528,0,265,0
course/F04_1.bin,F04_1,56,Object56,2112,704,0,259,0
course/F04_1.bin,F04_1,56,Object56,2320,608,0,263,0
course/F04_1.bin,F04_1,56,Object56,2528,624,0,7,0
course/F04_1.bin,F04_1,108,Object108,2672,560,1,256,256
course/F04_1.bin,F04_1,68,Object68,3152,1152,0,1283,256
course/F04_1.bin,F04_1,56,Object56,2672,368,0,4360,0
course/F04_1.bin,F04_1,68,Object68,3328,1024,0,1539,257
course/F04_1.bin,F04_1,57,Object57,3248,1008,0,0,0
course/F04_1.bin,F04_1,57,Object57,3264,992,0,0,16
course/F04_1.bin,F04_1,57,Object57,3280,1008,0,0,0
course/F04_1.bin,F04_1,57,Object57,3248,1056,0,0,256
course/F04_1.bin,F04_1,57,Object57,3264,1056,0,0,256
course/F04_1.bin,F04_1,235,Object235,2528,240,0,256,0
course/F04_1.bin,F04_1,56,Object56,2016,1184,0,274,0
course/F04_1.bin,F04_1,56,Object56,2096,1184,0,274,0
course/F04_1.bin,F04_1,56,Object56,2176,1184,0,274,0
course/F04_1.bin,F04_1,57,Object57,2016,1120,0,0,0
course/F04_1.bin,F04_1,57,Object57,2096,1120,0,0,0
course/F04_1.bin,F04_1,57,Object57,2128,1120,0,0,0
course/F04_1.bin,F04_1,57,Object57,2160,1120,0,0,0
course/F04_1.bin,F04_1,57,Object57,2192,1120,0,0,0
course/F04_1.bin,F04_1,57,Object57,2128,1184,0,0,256
course/F04_1.bin,F04_1,57,Object57,2048,1184,0,0,256
course/F04_1.bin,F04_1,57,Object57,1968,1184,0,0,256
course/F04_1.bin,F04_1,235,Object235,2400,1136,0,512,0
course/F04_1.bin,F04_1,57,Object57,1392,512,0,0,16
course/F04_1.bin,F04_1,57,Object57,1424,512,0,0,16
course/F04_1.bin,F04_1,57,Object57,1344,528,0,0,256
course/F04_1.bin,F04_1,57,Object57,1456,528,0,0,256
course/F04_1.bin,F04_1,57,Object57,2432,400,0,0,272
course/F04_1.bin,F04_1,57,Object57,2448,400,0,0,272
course/F04_1.bin,F04_1,57,Object57,2576,224,0,0,272
course/F04_1.bin,F04_1,57,Object57,2592,224,0,0,272
course/F04_1.bin,F04_1,235,Object235,464,432,0,0,0
course/F04_1.bin,F04_1,56,Object56,2112,592,0,4355,0
course/F04_1.bin,F04_1,22,,224,672,0,0,0
course/F04_1.bin,F04_1,117,Object117,368,624,0,0,0
course/F04_1.bin,F04_1,132,Object132,2800,240,0,0,0
course/F04_1.bin,F04_1,57,Object57,3472,992,0,0,0
course/F04_1.bin,F04_1,57,Object57,3488,1008,0,0,0
course/F04_1.bin,F04_1,57,Object57,3536,1024,0,0,0
course/F04_1.bin,F04_1,57,Object57,3552,1040,0,0,0
course/F04_1.bin,F04_1,57,Object57,3616,1088,0,0,256
course/F04_1.bin,F04_1,57,Object57,3632,1088,0,0,256
course/F04_1.bin,F04_1,57,Object57,3664,944,0,0,272
course/F04_1.bin,F04_1,57,Object57,3680,944,0,0,272
course/F04_1.bin,F04_1,57,Object57,3744,928,0,0,16
course/F04_1.bin,F04_1,57,Object57,3760,928,0,0,16
course/F04_1.bin,F04_1,57,Object57,3728,1072,0,0,256
course/F04_1.bin,F04_1,57,Object57,3760,1104,0,0,0
course/F04_1.bin,F04_1,22,,2992,336,0,16,0
course/F04_1.bin,F04_1,117,Object117,2928,256,0,4112,0
course/F05_1.bin,F05_1,32,,336,208,0,0,0
course/F05_1.bin,F05_1,77,Object77,192,144,0,1,0
course/F05_1.bin,F05_1,117,Object117,1232,128,0,0,0
course/F05_1.bin,F05_1,22,,1136,144,0,0,0
course/F05_1.bin,F05_1,231,Object231,1024,240,0,0,20
course/F05_1.bin,F05_1,22,,256,224,0,16,0
course/F05_1.bin,F05_1,77,Object77,112,192,0,1,0
course/F05_2.bin,F05_2,96,Object96,400,480,0,0,0
course/F05_2.bin,F05_2,96,Object96,1536,480,0,0,0
course/F05_2.bin,F05_2,96,Object96,2688,480,0,0,0
course/F05_2.bin,F05_2,96,Object96,3072,480,0,0,0
course/F05_2.bin,F05_2,93,Object93,480,480,0,1,0
course/F05_2.bin,F05_2,105,Object105,1744,496,0,0,0
course/F05_2.bin,F05_2,185,Object185,2016,384,0,17,0
course/F05_2.bin,F05_2,105,Object105,3776,496,0,0,0
course/F05_2.bin,F05_2,235,Object235,1072,336,0,0,0
course/F05_2.bin,F05_2,235,Object235,4512,976,0,8704,0
course/F05_2.bin,F05_2,31,,1904,368,0,0,0
course/F05_2.bin,F05_2,31,,2256,368,0,0,0
course/F05_2.bin,F05_2,31,,2224,448,0,0,0
course/F05_2.bin,F05_2,31,,2480,432,0,0,0
course/F05_2.bin,F05_2,31,,2432,352,0,0,0
course/F05_2.bin,F05_2,31,,2864,384,0,0,0
course/F05_2.bin,F05_2,31,,3200,400,0,0,0
course/F05_2.bin,F05_2,57,Object57,1952,352,0,257,0
course/F05_2.bin,F05_2,57,Object57,2128,400,0,257,0
course/F05_2.bin,F05_2,57,Object57,2000,432,0,257,0
course/F05_2.bin,F05_2,57,Object57,1744,368,0,257,0
course/F05_2.bin,F05_2,57,Object57,1840,384,0,257,0
course/F05_2.bin,F05_2,57,Object57,2544,416,0,257,0
course/F05_2.bin,F05_2,57,Object57,2560,432,0,257,0
course/F05_2.bin,F05_2,57,Object57,2288,400,0,257,0
course/F05_2.bin,F05_2,57,Object57,2400,400,0,257,0
course/F05_2.bin,F05_2,57,Object57,2192,368,0,257,0
course/F05_2.bin,F05_2,31,,560,352,0,1,0
course/F05_2.bin,F05_2,31,,432,400,0,0,0
course/F05_2.bin,F05_2,31,,512,464,0,0,0
course/F05_2.bin,F05_2,31,,848,336,0,1,0
course/F05_2.bin,F05_2,34,,1232,432,17,0,0
course/F05_2.bin,F05_2,106,FireSnake,1280,464,17,0,0
course/F05_2.bin,F05_2,106,FireSnake,1312,464,17,0,0
course/F05_2.bin,F05_2,106,FireSnake,1360,352,17,0,0
course/F05_2.bin,F05_2,106,FireSnake,1456,432,17,0,0
course/F05_2.bin,F05_2,106,FireSnake,1392,352,17,0,0
course/F05_2.bin,F05_2,106,FireSnake,1488,432,17,0,0
course/F05_2.bin,F05_2,106,FireSnake,1584,352,17,0,0
course/F05_2.bin,F05_2,106,FireSnake,1632,352,17,0,0
course/F05_2.bin,F05_2,31,,208,368,0,0,0
course/F05_2.bin,F05_2,132,Object132,1920,416,0,0,0
course/F05_2.bin,F05_2,185,Object185,1088,400,0,273,0
course/F05_2.bin,F05_2,31,,1024,464,0,1,0
course/F05_2.bin,F05_2,31,,1152,400,0,1,0
course/F05_2.bin,F05_2,31,,912,432,0,0,0
course/F05_2.bin,F05_2,207,Object207,4688,352,0,1,0
course/F05_2.bin,F05_2,207,Object207,4816,464,0,1,0
course/F05_2.bin,F05_2,31,,656,480,0,1,0
course/F05_2.bin,F05_2,31,,1168,336,0,1,0
course/F05_2.bin,F05_2,235,Object235,3408,880,0,256,0
course/F05_2.bin,F05_2,316,,0,272,0,43554,45066
course/F05_2.bin,F05_2,317,Object317,16,272,0,26146,0
course/F05_2.bin,F05_2,117,Object117,1888,400,0,16,0
course/F05_2.bin,F05_2,31,,3280,848,0,1,0
course/F05_2.bin,F05_2,31,,3504,976,0,1,0
course/F05_2.bin,F05_2,31,,3552,848,0,1,0
course/F05_2.bin,F05_2,316,,3264,768,0,43554,45066
course/F05_2.bin,F05_2,317,Object317,3280,768,0,26146,0
course/F05_2.bin,F05_2,198,Object198,0,320,0,0,4096
course/F05_2.bin,F05_2,199,Object199,4912,320,0,0,4096
course/F05_2.bin,F05_2,31,,3408,848,0,1,0
course/F05_2.bin,F05_2,96,Object96,3536,992,0,0,0
course/F05_2.bin,F05_2,185,Object185,3280,800,0,529,0
course/F05_2.bin,F05_2,316,,4368,848,0,43554,45066
course/F05_2.bin,F05_2,317,Object317,4384,848,0,26146,0
course/F05_2.bin,F05_2,105,Object105,3456,496,0,0,0
course/F05_2.bin,F05_2,105,Object105,4352,496,0,1,0
course/F05_2.bin,F05_2,155,Object155,4336,528,0,519,4104
course/F05_2.bin,F05_2,105,Object105,3968,496,0,0,0
course/F05_2.bin,F05_2,49,Object49,4352,816,0,0,0
course/F05_2.bin,F05_2,49,Object49,4384,816,0,0,0
course/F06_1.bin,F06_1,95,Object95,880,1536,0,0,0
course/F06_1.bin,F06_1,95,Object95,560,944,0,0,0
course/F06_1.bin,F06_1,95,Object95,896,784,0,0,0
course/F06_1.bin,F06_1,95,Object95,512,1712,0,0,0
course/F06_1.bin,F06_1,235,Object235,384,848,0,0,0
course/F06_1.bin,F06_1,88,Object88,480,880,0,0,0
course/F06_1.bin,F06_1,34,,1232,944,1,0,0
course/F06_1.bin,F06_1,235,Object235,656,464,0,256,0
course/F06_1.bin,F06_1,106,FireSnake,1264,1008,1,0,0
course/F06_1.bin,F06_1,106,FireSnake,1296,1008,1,0,0
course/F06_1.bin,F06_1,106,FireSnake,1248,1040,1,0,0
course/F06_1.bin,F06_1,106,FireSnake,1280,1040,1,0,0
course/F06_1.bin,F06_1,106,FireSnake,1264,1072,1,0,0
course/F06_1.bin,F06_1,106,FireSnake,1296,1072,1,0,0
course/F06_1.bin,F06_1,106,FireSnake,1152,1024,1,0,0
course/F06_1.bin,F06_1,106,FireSnake,1168,1024,1,0,0
course/F06_1.bin,F06_1,117,Object117,528,1680,0,0,0
course/F06_1.bin,F06_1,22,,464,1744,0,0,0
course/F06_1.bin,F06_1,95,Object95,912,1184,0,0,0
course/F06_1.bin,F06_1,150,Object150,704,1056,0,17,0
course/F06_1.bin,F06_1,150,Object150,784,1088,0,17,0
course/F06_1.bin,F06_1,149,Object149,1152,1168,0,1,0
course/F06_1.bin,F06_1,42,Object42,672,544,0,1,0
course/F06_1.bin,F06_1,95,Object95,1424,1504,0,0,0
course/F06_1.bin,F06_1,57,Object57,1360,704,0,0,0
course/F06_1.bin,F06_1,57,Object57,1376,704,0,0,0
course/F06_1.bin,F06_1,57,Object57,1376,848,0,0,0
course/F06_1.bin,F06_1,57,Object57,1392,848,0,0,0
course/F06_1.bin,F06_1,57,Object57,1072,512,0,0,272
course/F06_1.bin,F06_1,57,Object57,1088,512,0,0,272
course/F06_1.bin,F06_1,132,Object132,1088,464,0,1,0
course/F06_1.bin,F06_1,95,Object95,1168,1520,0,0,0
course/F06_1.bin,F06_1,150,Object150,608,800,0,32,0
course/F06_1.bin,F06_1,150,Object150,512,816,0,32,0
course/F06_1.bin,F06_1,198,Object198,1120,1632,0,0,0
course/F06_1.bin,F06_1,199,Object199,1712,1632,0,0,0
course/F06_1.bin,F06_1,149,Object149,1168,688,0,1,0
course/F06_1.bin,F06_1,117,Object117,976,560,0,4112,0
course/F06_1.bin,F06_1,22,,1104,608,0,16,0
course/F06_1.bin,F06_1,150,Object150,1600,1344,0,8465,0
course/F06_1.bin,F06_1,66,,1536,1200,0,257,0
course/F06_1.bin,F06_1,149,Object149,1616,1424,0,1,0
course/F06_1.bin,F06_1,95,Object95,1264,816,0,0,0
course/F06_1.bin,F06_1,42,Object42,688,1600,0,1,0
course/F06_1.bin,F06_1,42,Object42,624,1248,0,1,0
course/F06_2.bin,F06_2,95,Object95,576,752,0,0,0
course/F06_2.bin,F06_2,235,Object235,640,672,0,513,0
course/F06_2.bin,F06_2,198,Object198,512,880,0,0,0
course/F06_2.bin,F06_2,199,Object199,608,880,0,0,0
course/F06_3.bin,F06_3,189,Object189,688,1808,0,4,0
course/F06_3.bin,F06_3,189,Object189,656,1440,0,4,0
course/F06_3.bin,F06_3,189,Object189,624,1040,0,4,0
course/F06_3.bin,F06_3,57,Object57,688,1312,0,0,256
course/F06_3.bin,F06_3,57,Object57,688,1344,0,0,256
course/F06_3.bin,F06_3,57,Object57,688,1376,0,0,256
course/F06_3.bin,F06_3,57,Object57,688,1408,0,0,256
course/F06_3.bin,F06_3,57,Object57,688,1440,0,0,256
course/F06_3.bin,F06_3,57,Object57,656,944,0,0,256
course/F06_3.bin,F06_3,57,Object57,656,976,0,0,256
course/F06_3.bin,F06_3,57,Object57,656,1008,0,0,256
course/F06_3.bin,F06_3,57,Object57,656,1040,0,0,256
course/F06_3.bin,F06_3,57,Object57,624,512,0,0,256
course/F06_3.bin,F06_3,57,Object57,624,544,0,0,256
course/F06_3.bin,F06_3,57,Object57,624,576,0,0,256
course/F06_3.bin,F06_3,57,Object57,624,608,0,0,256
course/F06_3.bin,F06_3,57,Object57,624,640,0,0,256
course/F06_3.bin,F06_3,32,,1488,640,0,0,0
course/F06_3.bin,F06_3,189,Object189,832,1952,0,3,0
course/F06_3.bin,F06_3,189,Object189,592,640,0,0,0
course/F06_3.bin,F06_3,189,Object189,1072,496,0,0,0
course/F06_3.bin,F06_3,189,Object189,992,480,0,0,0
course/F06_3.bin,F06_3,189,Object189,1136,512,0,2,0
course/F06_3.bin,F06_3,189,Object189,928,512,0,3,0
course/F06_3.bin,F06_3,198,Object198,1216,672,0,0,0
course/F06_3.bin,F06_3,199,Object199,1712,672,0,0,0
course/F06_3.bin,F06_3,57,Object57,656,912,0,0,256
course/F07_1.bin,F07_1,183,Object183,1456,336,0,256,0
course/F07_1.bin,F07_1,183,Object183,1696,352,0,512,0
course/F07_1.bin,F07_1,32,,576,1200,0,0,0
course/F07_1.bin,F07_1,57,Object57,1136,384,0,0,16
course/F07_1.bin,F07_1,57,Object57,1168,384,0,0,16
course/F07_1.bin,F07_1,57,Object57,1248,368,0,0,16
course/F07_1.bin,F07_1,57,Object57,1856,384,0,0,16
course/F07_1.bin,F07_1,57,Object57,1888,384,0,0,16
course/F07_1.bin,F07_1,57,Object57,1760,400,0,0,256
course/F07_1.bin,F07_1,57,Object57,1776,400,0,0,256
course/F07_1.bin,F07_1,235,Object235,1280,208,0,0,0
course/F07_1.bin,F07_1,104,Object104,960,464,0,0,0
course/F07_1.bin,F07_1,104,Object104,2608,480,0,0,0
course/F07_1.bin,F07_1,132,Object132,2288,352,0,0,0
course/F07_1.bin,F07_1,183,Object183,3296,352,0,1024,0
course/F07_1.bin,F07_1,183,Object183,2800,368,0,768,0
course/F07_1.bin,F07_1,183,Object183,352,352,0,1280,0
course/F07_1.bin,F07_1,183,Object183,544,192,0,1536,0
course/F07_1.bin,F07_1,155,Object155,1440,496,0,544,40
course/F07_1.bin,F07_1,22,,288,384,0,0,0
course/F07_1.bin,F07_1,117,Object117,256,384,0,1,0
course/F07_1.bin,F07_1,183,Object183,2880,208,0,1792,0
course/F07_1.bin,F07_1,189,Object189,3760,464,0,0,0
course/F07_1.bin,F07_1,183,Object183,3632,368,0,2048,0
course/F07_1.bin,F07_1,117,Object117,2432,352,0,17,0
course/F07_1.bin,F07_1,22,,2432,448,0,16,0
course/F07_2.bin,F07_2,235,Object235,1104,176,0,257,0
course/F07_2.bin,F07_2,37,Object37,1168,272,0,0,0
course/F07_2.bin,F07_2,37,Object37,1168,384,0,0,0
course/F07_2.bin,F07_2,37,Object37,1184,512,0,0,0
course/F07_2.bin,F07_2,235,Object235,208,640,0,528,0
course/F07_2.bin,F07_2,122,Object122,224,736,0,0,0
course/F08_1.bin,F08_1,32,,3104,1984,0,0,0
course/F08_1.bin,F08_1,189,Object189,4720,704,0,0,0
course/F08_1.bin,F08_1,189,Object189,4880,704,0,0,0
course/F08_1.bin,F08_1,189,Object189,4800,704,0,2,0
course/F08_1.bin,F08_1,233,Object233,848,80,0,274,0
course/F08_1.bin,F08_1,238,Object238,3648,480,0,50,0
course/F08_1.bin,F08_1,238,Object238,3744,560,0,50,0
course/F08_1.bin,F08_1,149,Object149,3680,448,0,1,0
course/F08_1.bin,F08_1,149,Object149,3776,528,0,1,0
course/F08_1.bin,F08_1,149,Object149,3888,688,0,1,0
course/F08_1.bin,F08_1,148,Object148,4080,736,0,0,0
course/F08_1.bin,F08_1,287,,4624,720,0,2,0
course/F08_1.bin,F08_1,238,Object238,3552,400,0,35,0
course/F08_1.bin,F08_1,149,Object149,3584,368,0,1,0
course/F08_1.bin,F08_1,148,Object148,3456,320,0,0,0
course/F08_1.bin,F08_1,150,Object150,3504,384,0,32,0
course/F08_1.bin,F08_1,238,Object238,2208,480,0,35,0
course/F08_1.bin,F08_1,238,Object238,2592,608,0,35,0
course/F08_1.bin,F08_1,238,Object238,2720,672,0,35,0
course/F08_1.bin,F08_1,189,Object189,2944,608,0,4,0
course/F08_1.bin,F08_1,233,Object233,1280,144,0,274,0
course/F08_1.bin,F08_1,233,Object233,1760,272,0,274,0
course/F08_1.bin,F08_1,233,Object233,5728,560,0,273,0
course/F08_1.bin,F08_1,233,Object233,5888,496,0,17,0
course/F08_1.bin,F08_1,189,Object189,6720,704,0,0,0
course/F08_1.bin,F08_1,32,,7152,720,0,2,0
course/F08_1.bin,F08_1,189,Object189,6896,704,0,0,0
course/F08_1.bin,F08_1,189,Object189,6816,704,0,0,0
course/F08_1.bin,F08_1,148,Object148,1200,288,0,256,0
course/F08_1.bin,F08_1,149,Object149,1168,288,0,1,0
course/F08_1.bin,F08_1,149,Object149,1568,352,0,1,0
course/F08_1.bin,F08_1,148,Object148,1600,384,0,0,0
course/F08_1.bin,F08_1,150,Object150,2272,544,0,32,0
course/F08_1.bin,F08_1,150,Object150,1984,464,0,0,0
course/F08_1.bin,F08_1,150,Object150,1712,368,0,32,0
course/F08_1.bin,F08_1,150,Object150,2672,672,0,32,0
course/F08_1.bin,F08_1,150,Object150,2928,128,0,32,0
course/F08_1.bin,F08_1,150,Object150,4176,656,0,4096,0
course/F08_1.bin,F08_1,150,Object150,4352,656,0,4096,0
course/F08_1.bin,F08_1,235,Object235,2880,64,0,256,0
course/F08_1.bin,F08_1,235,Object235,1760,464,0,0,0
course/F08_1.bin,F08_1,233,Object233,496,112,0,258,0
course/F08_1.bin,F08_1,148,Object148,6592,704,0,0,0
course/F08_1.bin,F08_1,148,Object148,6608,720,0,0,0
course/F08_1.bin,F08_1,22,,432,208,0,0,0
course/F08_1.bin,F08_1,117,Object117,400,160,0,0,0
course/F08_1.bin,F08_1,132,Object132,3088,352,0,0,0
course/F08_1.bin,F08_1,311,Object311,0,0,0,25090,25633
course/F08_1.bin,F08_1,313,Object313,16,0,0,33299,9752
course/F08_1.bin,F08_1,314,Object314,32,0,0,41492,51228
course/F08_1.bin,F08_1,117,Object117,3296,144,0,16,0
course/F08_1.bin,F08_1,22,,3136,192,0,16,0
course/F08_1.bin,F08_1,120,Object120,3088,208,0,0,0
course/F08_1.bin,F08_1,122,Object122,3232,240,0,0,0
course/F08_1.bin,F08_1,198,Object198,336,512,0,0,0
course/F08_1.bin,F08_1,199,Object199,944,512,0,0,0
course/F08_1.bin,F08_1,198,Object198,1232,560,0,0,0
course/F08_1.bin,F08_1,199,Object199,1456,560,0,0,0
course/F08_1.bin,F08_1,198,Object198,1680,608,0,0,0
course/F08_1.bin,F08_1,199,Object199,1904,608,0,0,0
course/F08_1.bin,F08_1,235,Object235,6096,528,12850,512,17
course/F08_1.bin,F08_1,197,Object197,6176,528,50,38,0
course/F08_1.bin,F08_1,228,Object228,4272,608,0,0,0
course/F08_1.bin,F08_1,189,Object189,208,656,0,4,0
course/F08_1.bin,F08_1,198,Object198,0,672,0,0,0
course/F08_1.bin,F08_1,199,Object199,256,672,0,0,0
course/F09_1.bin,F09_1,309,Object309,256,2704,0,60,5
course/F09_1.bin,F09_1,309,Object309,304,1328,0,49178,3
course/F09_1.bin,F09_1,309,Object309,256,2512,0,32828,7
course/F09_1.bin,F09_1,309,Object309,256,1792,0,24636,9
course/F09_1.bin,F09_1,309,Object309,256,1664,0,24636,9
course/F09_1.bin,F09_1,308,Object308,496,1728,0,24636,9
course/F09_1.bin,F09_1,33,,368,1584,0,0,0
course/F09_1.bin,F09_1,193,Object193,448,1472,0,0,0
course/F09_1.bin,F09_1,263,Object263,1552,288,0,8222,45
course/F09_1.bin,F09_1,263,Object263,1552,160,0,24606,46
course/F09_1.bin,F09_1,262,Object262,1760,224,0,49182,45
course/F09_1.bin,F09_1,262,Object262,1760,352,0,32798,44
course/F09_1.bin,F09_1,262,Object262,1760,96,0,30,47
course/F09_1.bin,F09_1,235,Object235,1568,144,0,256,0
course/F09_1.bin,F09_1,308,Object308,480,2416,0,60,5
course/F09_1.bin,F09_1,263,Object263,80,2128,0,57374,4113
course/F09_1.bin,F09_1,308,Object308,240,2240,0,49212,8
course/F09_1.bin,F09_1,53,Object53,272,1072,0,0,0
course/F09_1.bin,F09_1,235,Object235,16,2240,0,0,0
course/F09_1.bin,F09_1,22,,480,2880,0,0,0
course/F09_1.bin,F09_1,131,Object131,320,2016,0,0,0
course/F09_1.bin,F09_1,117,Object117,400,2832,0,0,0
course/F09_1.bin,F09_1,263,Object263,256,1520,0,60,4117
course/F09_1.bin,F09_1,262,Object262,496,1520,0,60,4117
course/F09_1.bin,F09_1,260,Object260,1584,2048,0,32798,39
course/F09_1.bin,F09_1,261,Object261,1680,2288,0,32798,39
course/F09_1.bin,F09_1,263,Object263,1536,2176,0,32798,39
course/F09_1.bin,F09_1,235,Object235,1552,2128,0,512,0
course/F09_1.bin,F09_1,262,Object262,1776,2096,0,32798,39
course/F09_1.bin,F09_1,193,Object193,416,2000,0,0,0
course/F09_1.bin,F09_1,117,Object117,400,1936,0,4112,0
course/F09_1.bin,F09_1,22,,320,2064,0,16,0
course/F09_1.bin,F09_1,276,Object276,256,2080,0,33,0
course/F09_1.bin,F09_1,276,Object276,176,2672,0,161,0
course/F09_1.bin,F09_1,53,Object53,784,1072,0,0,0
course/F09_2.bin,F09_2,220,Object220,432,416,0,273,0
course/F09_2.bin,F09_2,73,Object73,288,432,0,2,0
course/F10_1.bin,F10_1,53,Object53,768,912,0,0,0
course/F10_1.bin,F10_1,53,Object53,816,912,0,0,0
course/F10_1.bin,F10_1,52,Object52,736,2560,0,3,0
course/F10_1.bin,F10_1,219,Object219,656,1376,0,0,0
course/F10_1.bin,F10_1,219,Object219,560,1488,0,32,0
course/F10_1.bin,F10_1,219,Object219,656,1488,0,32,0
course/F10_1.bin,F10_1,235,Object235,848,2320,0,0,0
course/F10_1.bin,F10_1,219,Object219,736,1376,0,0,0
course/F10_1.bin,F10_1,219,Object219,736,1488,0,32,0
course/F10_1.bin,F10_1,235,Object235,624,1440,0,256,0
course/F10_1.bin,F10_1,235,Object235,752,976,0,512,0
course/F10_1.bin,F10_1,189,Object189,528,1200,0,4,0
course/F10_1.bin,F10_1,53,Object53,752,2880,0,0,0
course/F10_1.bin,F10_1,193,Object193,528,1920,0,0,0
course/F10_1.bin,F10_1,53,Object53,592,1856,0,0,0
course/F10_1.bin,F10_1,189,Object189,864,1744,0,4,0
course/F10_1.bin,F10_1,189,Object189,832,1744,0,3,0
course/F10_1.bin,F10_1,53,Object53,688,2208,0,0,0
course/F10_1.bin,F10_1,131,Object131,720,2096,0,0,0
course/F10_1.bin,F10_1,22,,704,2944,0,0,0
course/F10_1.bin,F10_1,117,Object117,720,2960,0,0,0
course/F10_1.bin,F10_1,117,Object117,576,2048,0,4112,0
course/F10_1.bin,F10_1,22,,752,2048,0,16,0
course/F10_2.bin,F10_2,220,Object220,480,432,0,1,0
course/F10_2.bin,F10_2,73,Object73,320,448,0,2,0
course/F10_2.bin,F10_2,54,Object54,288,416,0,0,0
course/F10_2.bin,F10_2,54,Object54,528,432,0,0,0
course/F10_2.bin,F10_2,234,Object234,256,496,0,0,0
course/F10_2.bin,F10_2,318,Object318,272,320,0,21780,6416
course/F10_2.bin,F10_2,319,,288,320,0,34854,30998
course/F10_2.bin,F10_2,320,,304,320,0,43608,39209
course/F11_1.bin,F11_1,72,Object72,1072,464,0,1540,0
course/F11_1.bin,F11_1,71,Object71,736,416,0,8963,1
course/F11_1.bin,F11_1,72,Object72,1440,400,0,1540,0
course/F11_1.bin,F11_1,72,Object72,1920,480,0,1028,1
course/F11_1.bin,F11_1,149,Object149,896,432,0,1,0
course/F11_1.bin,F11_1,72,Object72,1360,448,0,1283,1
course/F11_1.bin,F11_1,72,Object72,1712,480,0,1027,1
course/F11_1.bin,F11_1,72,Object72,1712,432,0,1027,0
course/F11_1.bin,F11_1,235,Object235,1712,448,0,256,0
course/F11_1.bin,F11_1,72,Object72,2352,352,0,1283,0
course/F11_1.bin,F11_1,149,Object149,2448,464,0,1,0
course/F11_1.bin,F11_1,149,Object149,2608,336,0,1,0
course/F11_1.bin,F11_1,71,Object71,2688,400,0,13313,1
course/F11_1.bin,F11_1,72,Object72,1952,448,0,1284,0
course/F11_1.bin,F11_1,149,Object149,1968,384,0,1,0
course/F11_1.bin,F11_1,71,Object71,2688,272,0,13313,0
course/F11_1.bin,F11_1,149,Object149,304,384,0,1,0
course/F11_1.bin,F11_1,234,Object234,80,496,0,0,0
course/F11_1.bin,F11_1,54,Object54,704,448,0,0,0
course/F11_1.bin,F11_1,54,Object54,1056,448,0,0,0
course/F11_1.bin,F11_1,54,Object54,1264,448,0,0,0
course/F11_1.bin,F11_1,54,Object54,1424,448,0,0,0
course/F11_1.bin,F11_1,54,Object54,1632,384,0,0,0
course/F11_1.bin,F11_1,54,Object54,1840,384,0,0,0
course/F11_1.bin,F11_1,54,Object54,2128,400,0,0,0
course/F11_1.bin,F11_1,54,Object54,2144,384,0,0,0
course/F11_1.bin,F11_1,149,Object149,752,400,0,1,0
course/F11_1.bin,F11_1,72,Object72,2480,480,0,1285,0
course/F11_1.bin,F11_1,71,Object71,2848,400,0,4865,1
course/F11_1.bin,F11_1,71,Object71,2912,400,0,4865,1
course/F11_1.bin,F11_1,71,Object71,2976,384,0,9473,1
course/F11_1.bin,F11_1,71,Object71,3040,384,0,8963,1
course/F11_1.bin,F11_1,72,Object72,624,448,0,1540,1
course/F11_1.bin,F11_1,235,Object235,3168,272,0,512,0
course/F11_1.bin,F11_1,297,,288,464,0,2844,17
course/F11_1.bin,F11_1,235,Object235,1264,464,0,0,0
course/F11_1.bin,F11_1,149,Object149,1344,384,0,1,0
course/F11_1.bin,F11_1,132,Object132,2272,368,0,0,0
course/F11_1.bin,F11_1,318,Object318,0,256,0,21780,6416
course/F11_1.bin,F11_1,319,,16,256,0,34854,30998
course/F11_1.bin,F11_1,320,,32,256,0,43608,39209
course/F11_1.bin,F11_1,298,,2848,320,0,63,512
course/F11_1.bin,F11_1,280,Object280,64,256,0,65304,255
course/F11_1.bin,F11_1,198,Object198,0,320,0,4,4096
course/F11_1.bin,F11_1,199,Object199,2336,320,0,4,4096
course/F11_1.bin,F11_1,198,Object198,2704,352,0,4132,4096
course/F11_1.bin,F11_1,199,Object199,3216,352,0,4132,4096
course/F11_1.bin,F11_1,54,Object54,2672,448,0,0,0
course/F11_2.bin,F11_2,39,Object39,624,480,7,5,0
course/F11_2.bin,F11_2,30,Object30,704,480,7,0,0
course/F11_2.bin,F11_2,129,Object129,624,480,0,0,0
course/F11_3.bin,F11_3,72,Object72,192,416,0,1287,1
course/F11_3.bin,F11_3,72,Object72,128,352,0,1287,0
course/F11_3.bin,F11_3,72,Object72,192,288,0,1287,1
course/F11_3.bin,F11_3,72,Object72,128,224,0,1287,0
course/F11_3.bin,F11_3,72,Object72,192,160,0,1287,1
course/F12_1.bin,F12_1,128,Object128,384,432,0,0,32768
course/G01_1.bin,G01_1,91,Object91,304,688,0,0,16
course/G01_1.bin,G01_1,91,Object91,960,624,0,0,272
course/G01_1.bin,G01_1,150,Object150,1296,704,0,8208,0
course/G01_1.bin,G01_1,150,Object150,1200,576,0,32,0
course/G01_1.bin,G01_1,235,Object235,1168,656,0,0,0
course/G01_1.bin,G01_1,91,Object91,1680,672,0,0,0
course/G01_1.bin,G01_1,91,Object91,1792,672,0,0,1
course/G01_1.bin,G01_1,91,Object91,1696,1072,0,0,529
course/G01_1.bin,G01_1,91,Object91,1760,1104,0,0,529
course/G01_1.bin,G01_1,91,Object91,1824,1136,0,0,529
course/G01_1.bin,G01_1,150,Object150,1312,576,0,4112,0
course/G01_1.bin,G01_1,91,Object91,272,1184,0,0,16
course/G01_1.bin,G01_1,91,Object91,1312,1200,0,0,16
course/G01_1.bin,G01_1,91,Object91,160,1120,0,0,1
course/G01_1.bin,G01_1,91,Object91,1120,1104,0,0,272
course/G01_1.bin,G01_1,235,Object235,3248,464,0,256,0
course/G01_1.bin,G01_1,91,Object91,304,1072,0,0,16
course/G01_1.bin,G01_1,235,Object235,736,1024,0,512,0
course/G01_1.bin,G01_1,91,Object91,2624,1184,0,0,528
course/G01_1.bin,G01_1,32,,2848,1216,0,0,0
course/G01_1.bin,G01_1,57,Object57,1728,1104,0,0,0
course/G01_1.bin,G01_1,57,Object57,1728,1120,0,0,0
course/G01_1.bin,G01_1,57,Object57,1792,1136,0,0,0
course/G01_1.bin,G01_1,57,Object57,1792,1152,0,0,0
course/G01_1.bin,G01_1,57,Object57,1856,1168,0,0,0
course/G01_1.bin,G01_1,57,Object57,1856,1184,0,0,0
course/G01_1.bin,G01_1,198,Object198,48,1216,0,0,0
course/G01_1.bin,G01_1,199,Object199,2000,1216,0,0,0
course/G01_1.bin,G01_1,198,Object198,0,528,0,0,4096
course/G01_1.bin,G01_1,199,Object199,1616,528,0,0,4096
course/G01_1.bin,G01_1,34,,1104,1056,17,0,0
course/G01_1.bin,G01_1,106,FireSnake,1216,1040,17,1,0
course/G01_1.bin,G01_1,106,FireSnake,1264,1040,17,1,0
course/G01_1.bin,G01_1,106,FireSnake,1184,1136,17,1,0
course/G01_1.bin,G01_1,106,FireSnake,1248,1072,17,1,0
course/G01_1.bin,G01_1,106,FireSnake,1184,1104,17,1,0
course/G01_1.bin,G01_1,106,FireSnake,1280,1072,17,1,0
course/G01_1.bin,G01_1,106,FireSnake,1264,1120,17,1,0
course/G01_1.bin,G01_1,106,FireSnake,1136,1072,17,1,0
course/G01_1.bin,G01_1,205,Object205,640,1152,0,256,0
course/G01_1.bin,G01_1,290,,1664,576,0,259,0
course/G01_1.bin,G01_1,91,Object91,1952,640,0,0,272
course/G01_1.bin,G01_1,91,Object91,2128,464,0,0,784
course/G01_1.bin,G01_1,57,Object57,2288,496,0,0,0
course/G01_1.bin,G01_1,57,Object57,2320,464,0,0,0
course/G01_1.bin,G01_1,57,Object57,2352,464,0,0,0
course/G01_1.bin,G01_1,57,Object57,2384,496,0,0,0
course/G01_1.bin,G01_1,57,Object57,2400,528,0,0,0
course/G01_1.bin,G01_1,233,Object233,3104,608,0,16,0
course/G01_1.bin,G01_1,233,Object233,3184,544,0,16,0
course/G01_1.bin,G01_1,233,Object233,3376,432,0,272,0
course/G01_1.bin,G01_1,233,Object233,3104,512,0,17,0
course/G01_1.bin,G01_1,117,Object117,160,592,0,1,0
course/G01_1.bin,G01_1,22,,192,592,0,1,0
course/G01_1.bin,G01_1,315,Object315,0,736,0,34880,250
course/G01_1.bin,G01_1,315,Object315,16,736,0,34880,240
course/G01_1.bin,G01_1,315,Object315,48,1248,0,34880,250
course/G01_1.bin,G01_1,315,Object315,64,1248,0,34880,240
course/G01_1.bin,G01_1,315,Object315,2624,1072,0,34880,250
course/G01_1.bin,G01_1,315,Object315,2640,1072,0,34880,240
course/G01_1.bin,G01_1,315,Object315,3072,752,0,34880,250
course/G01_1.bin,G01_1,315,Object315,3088,752,0,34880,240
course/G01_1.bin,G01_1,323,Object323,784,704,0,0,0
course/G01_1.bin,G01_1,323,Object323,576,704,0,1,0
course/G01_1.bin,G01_1,323,Object323,1488,656,0,3,0
course/G01_1.bin,G01_1,323,Object323,1632,704,0,3,0
course/G01_1.bin,G01_1,323,Object323,2752,656,0,1,0
course/G01_1.bin,G01_1,323,Object323,2544,384,0,7,0
course/G01_1.bin,G01_1,323,Object323,80,1184,0,4,0
course/G01_1.bin,G01_1,323,Object323,976,1152,0,1,0
course/G01_1.bin,G01_1,323,Object323,1056,1104,0,0,0
course/G01_1.bin,G01_1,323,Object323,1232,1152,0,1,0
course/G01_1.bin,G01_1,323,Object323,1920,1168,0,1,0
course/G01_1.bin,G01_1,323,Object323,2592,1248,0,2,0
course/G01_1.bin,G01_1,323,Object323,3216,512,0,1,0
course/G01_1.bin,G01_1,323,Object323,3136,736,0,8,0
course/G01_1.bin,G01_1,323,Object323,3040,736,0,0,0
course/G01_1.bin,G01_1,323,Object323,3488,736,0,0,0
course/G01_1.bin,G01_1,323,Object323,3440,480,0,1,0
course/G01_1.bin,G01_1,117,Object117,288,1120,0,17,0
course/G01_1.bin,G01_1,22,,192,1168,0,17,0
course/G01_1.bin,G01_1,132,Object132,96,1152,0,0,0
course/G01_1.bin,G01_1,199,Object199,2800,272,0,256,4096
course/G01_1.bin,G01_1,198,Object198,0,272,0,256,4096
course/G01_1.bin,G01_1,57,Object57,608,656,0,0,0
course/G01_1.bin,G01_1,57,Object57,800,656,0,0,0
course/G01_1.bin,G01_1,57,Object57,816,656,0,0,0
course/G02_1.bin,G02_1,150,Object150,896,400,0,32,0
course/G02_1.bin,G02_1,150,Object150,960,384,0,32,0
course/G02_1.bin,G02_1,117,Object117,432,336,0,4096,0
course/G02_1.bin,G02_1,22,,384,432,0,0,0
course/G02_1.bin,G02_1,32,,1040,464,0,0,0
course/G02_1.bin,G02_1,315,Object315,256,320,0,34880,250
course/G02_1.bin,G02_1,315,Object315,272,320,0,34880,240
course/G02_1.bin,G02_1,315,Object315,768,320,0,34880,250
course/G02_1.bin,G02_1,315,Object315,784,320,0,34880,240
course/G02_2.bin,G02_2,187,,0,3040,0,2,0
course/G02_2.bin,G02_2,235,Object235,208,2448,0,0,0
course/G02_2.bin,G02_2,235,Object235,16,928,0,512,0
course/G02_2.bin,G02_2,150,Object150,112,2896,0,32,0
course/G02_2.bin,G02_2,150,Object150,80,2736,0,16,0
course/G02_2.bin,G02_2,150,Object150,128,2624,0,16,0
course/G02_2.bin,G02_2,150,Object150,32,2448,0,32,0
course/G02_2.bin,G02_2,150,Object150,128,2512,0,16,0
course/G02_2.bin,G02_2,150,Object150,128,1872,0,32,0
course/G02_2.bin,G02_2,150,Object150,160,1808,0,16,0
course/G02_2.bin,G02_2,150,Object150,144,1696,0,16,0
course/G02_2.bin,G02_2,150,Object150,96,1568,0,16,0
course/G02_2.bin,G02_2,150,Object150,48,960,0,32,0
course/G02_2.bin,G02_2,150,Object150,176,944,0,32,0
course/G02_2.bin,G02_2,150,Object150,48,1152,0,16,0
course/G02_2.bin,G02_2,150,Object150,176,1216,0,16,0
course/G02_2.bin,G02_2,150,Object150,160,1408,0,32,0
course/G02_2.bin,G02_2,149,Object149,176,2064,0,1,0
course/G02_2.bin,G02_2,150,Object150,208,960,0,32,0
course/G02_2.bin,G02_2,150,Object150,160,944,0,32,0
course/G02_2.bin,G02_2,150,Object150,192,960,0,32,0
course/G02_2.bin,G02_2,150,Object150,64,944,0,32,0
course/G02_2.bin,G02_2,150,Object150,192,2960,0,32,0
course/G02_2.bin,G02_2,150,Object150,160,2912,0,32,0
course/G02_2.bin,G02_2,150,Object150,176,2944,0,32,0
course/G02_2.bin,G02_2,150,Object150,144,2912,0,32,0
course/G02_2.bin,G02_2,150,Object150,176,2928,0,32,0
course/G02_2.bin,G02_2,150,Object150,192,2976,0,32,0
course/G02_2.bin,G02_2,150,Object150,112,2240,0,32,0
course/G02_2.bin,G02_2,150,Object150,144,2208,0,32,0
course/G02_2.bin,G02_2,150,Object150,128,2896,0,32,0
course/G02_2.bin,G02_2,149,Object149,32,2064,0,1,0
course/G02_2.bin,G02_2,149,Object149,0,2064,0,1,0
course/G02_2.bin,G02_2,149,Object149,224,2064,0,1,0
course/G02_2.bin,G02_2,150,Object150,80,944,0,32,0
course/G02_2.bin,G02_2,150,Object150,16,976,0,32,0
course/G02_2.bin,G02_2,150,Object150,96,1328,0,32,0
course/G02_2.bin,G02_2,150,Object150,32,960,0,32,0
course/G02_2.bin,G02_2,150,Object150,224,976,0,32,0
course/G02_2.bin,G02_2,150,Object150,64,2112,0,16,0
course/G02_2.bin,G02_2,235,Object235,192,1296,0,256,0
course/G02_2.bin,G02_2,149,Object149,64,2944,0,1,0
course/G02_2.bin,G02_2,315,Object315,0,800,0,34880,250
course/G02_2.bin,G02_2,315,Object315,16,800,0,34880,240
course/G02_2.bin,G02_2,187,,64,1968,0,2,16
course/G02_2.bin,G02_2,131,Object131,112,1888,0,0,0
course/G02_2.bin,G02_2,117,Object117,208,1904,0,16,0
course/G02_2.bin,G02_2,22,,176,1936,0,16,0
course/G02_2.bin,G02_2,276,Object276,0,2992,0,0,8192
course/G02_2.bin,G02_2,34,,32,2320,17,0,0
course/G02_2.bin,G02_2,106,FireSnake,192,2304,17,0,0
course/G02_2.bin,G02_2,106,FireSnake,224,2256,17,0,0
course/G02_2.bin,G02_2,106,FireSnake,80,2208,17,0,0
course/G02_2.bin,G02_2,106,FireSnake,16,2256,17,0,0
course/G02_2.bin,G02_2,106,FireSnake,192,2256,17,0,0
course/G02_2.bin,G02_2,106,FireSnake,48,2256,17,0,0
course/G02_2.bin,G02_2,106,FireSnake,48,2208,17,0,0
course/G02_2.bin,G02_2,106,FireSnake,160,2304,17,0,0
course/G02_2.bin,G02_2,150,Object150,112,2352,0,16,0
course/G03_1.bin,G03_1,32,,1040,208,0,0,0
course/G03_1.bin,G03_1,90,Object90,176,208,0,0,0
course/G03_1.bin,G03_1,90,Object90,336,208,0,0,0
course/G03_1.bin,G03_1,22,,304,128,0,0,0
course/G03_1.bin,G03_1,22,,144,880,0,0,0
course/G03_1.bin,G03_1,235,Object235,944,448,0,512,0
course/G03_1.bin,G03_1,293,,736,240,0,4096,0
course/G03_1.bin,G03_1,294,,1264,240,0,4096,0
course/G03_2.bin,G03_2,269,Object269,320,416,0,0,0
course/G03_2.bin,G03_2,150,Object150,1264,288,0,32,0
course/G03_2.bin,G03_2,34,,880,288,1,0,0
course/G03_2.bin,G03_2,106,FireSnake,976,352,1,1,0
course/G03_2.bin,G03_2,106,FireSnake,1024,368,1,1,0
course/G03_2.bin,G03_2,106,FireSnake,1216,352,1,1,0
course/G03_2.bin,G03_2,106,FireSnake,1312,336,1,1,0
course/G03_2.bin,G03_2,106,FireSnake,1088,352,1,1,0
course/G03_2.bin,G03_2,106,FireSnake,1488,288,1,1,0
course/G03_2.bin,G03_2,106,FireSnake,1152,336,1,1,0
course/G03_2.bin,G03_2,106,FireSnake,1392,320,1,1,0
course/G03_2.bin,G03_2,158,Object158,5776,336,0,0,0
course/G03_2.bin,G03_2,158,Object158,2528,320,0,0,0
course/G03_2.bin,G03_2,148,Object148,2832,256,0,0,0
course/G03_2.bin,G03_2,287,,3600,272,0,1,0
course/G03_2.bin,G03_2,168,Object168,96,256,62,28704,65535
course/G03_2.bin,G03_2,148,Object148,3200,256,0,0,0
course/G03_2.bin,G03_2,150,Object150,3424,320,0,32,0
course/G03_2.bin,G03_2,150,Object150,4032,336,0,32,0
course/G03_2.bin,G03_2,235,Object235,4848,272,0,256,0
course/G03_2.bin,G03_2,150,Object150,4752,320,0,32,0
course/G03_2.bin,G03_2,150,Object150,4960,304,0,32,0
course/G03_2.bin,G03_2,150,Object150,5152,304,0,32,0
course/G03_2.bin,G03_2,148,Object148,4624,256,0,0,0
course/G03_2.bin,G03_2,148,Object148,5088,256,0,0,0
course/G03_2.bin,G03_2,149,Object149,4208,336,0,0,0
course/G03_2.bin,G03_2,235,Object235,2528,256,0,0,0
course/G03_2.bin,G03_2,117,Object117,576,352,0,0,0
course/G03_2.bin,G03_2,287,,1904,272,0,1,0
course/G03_2.bin,G03_2,150,Object150,448,288,0,32,0
course/G03_2.bin,G03_2,148,Object148,5440,256,0,0,0
course/G03_2.bin,G03_2,150,Object150,5552,304,0,32,0
course/G04_1.bin,G04_1,95,Object95,272,1984,0,6144,0
course/G04_1.bin,G04_1,95,Object95,432,1936,0,6144,0
course/G04_1.bin,G04_1,32,,1920,528,0,0,0
course/G04_1.bin,G04_1,95,Object95,800,1952,0,6144,0
course/G04_1.bin,G04_1,95,Object95,768,1744,0,6144,0
course/G04_1.bin,G04_1,95,Object95,272,1664,0,6144,0
course/G04_1.bin,G04_1,95,Object95,400,1584,0,6144,0
course/G04_1.bin,G04_1,95,Object95,80,1328,0,6144,0
course/G04_1.bin,G04_1,95,Object95,640,1888,0,6144,0
course/G04_1.bin,G04_1,95,Object95,432,1408,0,6144,0
course/G04_1.bin,G04_1,149,Object149,368,1776,0,1,0
course/G04_1.bin,G04_1,235,Object235,688,1648,0,0,0
course/G04_1.bin,G04_1,235,Object235,544,1312,0,256,0
course/G04_1.bin,G04_1,235,Object235,304,416,0,528,0
course/G04_1.bin,G04_1,244,Object244,192,1728,0,1,0
course/G04_1.bin,G04_1,244,Object244,256,1248,0,1,0
course/G04_1.bin,G04_1,244,Object244,752,640,0,1,0
course/G04_1.bin,G04_1,244,Object244,640,1520,0,1,0
course/G04_1.bin,G04_1,244,Object244,416,1088,0,1,0
course/G04_1.bin,G04_1,244,Object244,240,816,0,1,0
course/G04_1.bin,G04_1,95,Object95,320,784,0,6144,0
course/G04_1.bin,G04_1,57,Object57,256,1856,0,0,0
course/G04_1.bin,G04_1,57,Object57,208,1056,0,0,0
course/G04_1.bin,G04_1,57,Object57,224,1056,0,0,0
course/G04_1.bin,G04_1,57,Object57,256,1552,0,0,0
course/G04_1.bin,G04_1,57,Object57,256,1600,0,0,0
course/G04_1.bin,G04_1,57,Object57,112,1776,0,0,0
course/G04_1.bin,G04_1,95,Object95,1440,944,0,6144,0
course/G04_1.bin,G04_1,95,Object95,1472,688,0,6144,0
course/G04_1.bin,G04_1,198,Object198,1552,560,0,0,0
course/G04_1.bin,G04_1,199,Object199,2144,560,0,0,0
course/G04_1.bin,G04_1,32,,1872,2256,0,0,4096
course/G04_1.bin,G04_1,117,Object117,336,1904,0,1,0
course/G04_1.bin,G04_1,22,,240,2016,0,1,0
course/G04_1.bin,G04_1,131,Object131,352,912,0,0,0
course/G04_1.bin,G04_1,315,Object315,80,1904,0,34880,250
course/G04_1.bin,G04_1,315,Object315,144,1904,0,34880,240
course/G04_1.bin,G04_1,315,Object315,1472,816,0,34880,250
course/G04_1.bin,G04_1,315,Object315,1536,816,0,34880,240
course/G04_1.bin,G04_1,315,Object315,1440,2112,0,34880,250
course/G04_1.bin,G04_1,315,Object315,1504,2112,0,34880,240
course/G04_1.bin,G04_1,244,Object244,208,624,0,1,0
course/G04_1.bin,G04_1,34,,448,784,1,0,0
course/G04_1.bin,G04_1,106,FireSnake,400,800,1,0,0
course/G04_1.bin,G04_1,106,FireSnake,336,832,1,0,0
course/G04_1.bin,G04_1,106,FireSnake,272,864,1,0,0
course/G04_1.bin,G04_1,106,FireSnake,160,832,1,0,0
course/G04_1.bin,G04_1,106,FireSnake,96,848,1,0,0
course/G04_1.bin,G04_1,106,FireSnake,176,784,1,0,0
course/G04_1.bin,G04_1,106,FireSnake,240,704,1,0,0
course/G04_1.bin,G04_1,106,FireSnake,320,656,1,0,0
course/G04_1.bin,G04_1,95,Object95,2624,2208,0,6144,0
course/G04_1.bin,G04_1,95,Object95,2592,1952,0,6144,0
course/G04_1.bin,G04_1,95,Object95,2624,1696,0,6144,0
course/G04_1.bin,G04_1,95,Object95,2592,1440,0,6144,0
course/G04_1.bin,G04_1,66,,2624,416,0,1,0
course/G04_1.bin,G04_1,95,Object95,2624,1184,0,6144,0
course/G04_1.bin,G04_1,57,Object57,480,1648,0,0,256
course/G04_1.bin,G04_1,117,Object117,144,800,0,4113,0
course/G04_1.bin,G04_1,22,,176,912,0,17,0
course/G04_1.bin,G04_1,95,Object95,2592,928,0,6144,0
course/G04_1.bin,G04_1,95,Object95,2624,672,0,6144,0
course/G04_1.bin,G04_1,315,Object315,2624,2384,0,34880,250
course/G04_1.bin,G04_1,315,Object315,2688,2384,0,34880,240
course/G04_1.bin,G04_1,290,,144,464,0,8192,0
course/G05_1.bin,G05_1,32,,4912,464,0,0,0
course/G05_1.bin,G05_1,149,Object149,448,400,0,0,0
course/G05_1.bin,G05_1,241,Object241,1296,432,0,260,2
course/G05_1.bin,G05_1,27,Object27,544,400,0,0,0
course/G05_1.bin,G05_1,28,Object28,912,432,0,0,0
course/G05_1.bin,G05_1,149,Object149,944,432,0,0,0
course/G05_1.bin,G05_1,28,Object28,1456,464,0,0,0
course/G05_1.bin,G05_1,28,Object28,1200,448,0,0,0
course/G05_1.bin,G05_1,27,Object27,1648,464,0,0,0
course/G05_1.bin,G05_1,235,Object235,1408,336,0,0,0
course/G05_1.bin,G05_1,28,Object28,2096,448,0,0,0
course/G05_1.bin,G05_1,28,Object28,1888,464,0,0,0
course/G05_1.bin,G05_1,28,Object28,2288,480,0,0,0
course/G05_1.bin,G05_1,27,Object27,2160,480,0,8224,0
course/G05_1.bin,G05_1,28,Object28,3344,416,0,0,0
course/G05_1.bin,G05_1,149,Object149,3376,448,0,0,0
course/G05_1.bin,G05_1,27,Object27,2448,432,0,0,0
course/G05_1.bin,G05_1,27,Object27,2544,480,0,256,0
course/G05_1.bin,G05_1,28,Object28,2688,480,0,0,0
course/G05_1.bin,G05_1,27,Object27,2880,464,0,8224,0
course/G05_1.bin,G05_1,28,Object28,368,464,0,0,0
course/G05_1.bin,G05_1,28,Object28,3680,368,0,0,0
course/G05_1.bin,G05_1,27,Object27,3536,480,0,0,0
course/G05_1.bin,G05_1,27,Object27,3584,480,0,8224,0
course/G05_1.bin,G05_1,149,Object149,3856,432,0,1,0
course/G05_1.bin,G05_1,235,Object235,4112,464,0,512,0
course/G05_1.bin,G05_1,252,Object252,4704,448,0,0,0
course/G05_1.bin,G05_1,27,Object27,848,400,0,0,0
course/G05_1.bin,G05_1,28,Object28,1984,464,0,0,0
course/G05_1.bin,G05_1,32,,624,976,0,0,4096
course/G05_1.bin,G05_1,28,Object28,1440,352,0,0,0
course/G05_1.bin,G05_1,241,Object241,3264,368,0,260,2
course/G05_1.bin,G05_1,241,Object241,4192,480,0,260,2
course/G05_1.bin,G05_1,132,Object132,2192,432,0,0,0
course/G05_1.bin,G05_1,117,Object117,144,416,0,1,0
course/G05_1.bin,G05_1,22,,224,400,0,1,0
course/G05_1.bin,G05_1,117,Object117,2416,432,0,17,0
course/G05_1.bin,G05_1,22,,2320,480,0,17,0
course/G05_1.bin,G05_1,241,Object241,4048,480,0,0,0
course/G05_1.bin,G05_1,241,Object241,4048,464,0,260,2
course/G05_1.bin,G05_1,28,Object28,1792,464,0,0,0
course/G05_1.bin,G05_1,28,Object28,4256,480,0,0,0
course/G05_1.bin,G05_1,28,Object28,4480,416,0,0,0
course/G05_1.bin,G05_1,27,Object27,2592,480,0,512,0
course/G05_3.bin,G05_3,222,Object222,240,96,0,0,0
course/G05_3.bin,G05_3,222,Object222,240,112,0,0,0
course/G05_3.bin,G05_3,222,Object222,336,224,0,0,0
course/G05_3.bin,G05_3,222,Object222,368,224,0,0,0
course/G05_3.bin,G05_3,222,Object222,400,224,0,0,0
course/G05_3.bin,G05_3,235,Object235,112,192,0,273,0
course/G05_3.bin,G05_3,222,Object222,368,112,0,0,0
course/G05_3.bin,G05_3,222,Object222,384,112,0,0,0
course/G05_3.bin,G05_3,222,Object222,368,96,0,0,0
course/G06_1.bin,G06_1,32,,4160,960,0,0,0
course/G06_1.bin,G06_1,150,Object150,1312,944,0,0,0
course/G06_1.bin,G06_1,150,Object150,336,912,0,1,0
course/G06_1.bin,G06_1,150,Object150,224,928,0,0,0
course/G06_1.bin,G06_1,150,Object150,592,912,0,0,0
course/G06_1.bin,G06_1,162,Object162,1760,960,0,20739,0
course/G06_1.bin,G06_1,150,Object150,1472,848,0,1,0
course/G06_1.bin,G06_1,150,Object150,2080,976,0,0,0
course/G06_1.bin,G06_1,150,Object150,2144,976,0,0,0
course/G06_1.bin,G06_1,150,Object150,512,896,0,1,0
course/G06_1.bin,G06_1,235,Object235,2384,880,0,273,0
course/G06_1.bin,G06_1,150,Object150,2512,912,0,0,0
course/G06_1.bin,G06_1,150,Object150,3600,960,0,0,0
course/G06_1.bin,G06_1,150,Object150,752,864,0,0,0
course/G06_1.bin,G06_1,150,Object150,2416,912,0,0,0
course/G06_1.bin,G06_1,149,Object149,464,896,0,1,0
course/G06_1.bin,G06_1,155,Object155,2112,720,0,65,33
course/G06_1.bin,G06_1,150,Object150,1856,896,0,1,0
course/G06_1.bin,G06_1,23,Object23,1376,928,0,0,0
course/G06_1.bin,G06_1,149,Object149,976,976,0,1,0
course/G06_1.bin,G06_1,149,Object149,912,976,0,1,0
course/G06_1.bin,G06_1,149,Object149,1184,928,0,1,0
course/G06_1.bin,G06_1,149,Object149,848,912,0,1,0
course/G06_1.bin,G06_1,23,Object23,1264,992,0,0,0
course/G06_1.bin,G06_1,149,Object149,768,928,0,1,0
course/G06_1.bin,G06_1,149,Object149,672,848,0,1,0
course/G06_1.bin,G06_1,149,Object149,944,976,0,1,0
course/G06_1.bin,G06_1,149,Object149,768,864,0,1,0
course/G06_1.bin,G06_1,150,Object150,4000,912,0,32,0
course/G06_1.bin,G06_1,150,Object150,1840,896,0,1,0
course/G06_1.bin,G06_1,150,Object150,1824,896,0,1,0
course/G06_1.bin,G06_1,149,Object149,1568,944,0,1,0
course/G06_1.bin,G06_1,150,Object150,2752,960,0,0,0
course/G06_1.bin,G06_1,23,Object23,2608,944,0,0,0
course/G06_1.bin,G06_1,23,Object23,2800,880,0,0,0
course/G06_1.bin,G06_1,150,Object150,2768,896,0,0,0
course/G06_1.bin,G06_1,150,Object150,3248,880,0,0,0
course/G06_1.bin,G06_1,150,Object150,3376,864,0,0,0
course/G06_1.bin,G06_1,235,Object235,3056,912,0,512,0
course/G06_1.bin,G06_1,117,Object117,160,896,0,1,0
course/G06_1.bin,G06_1,22,,464,832,0,0,0
course/G06_1.bin,G06_1,132,Object132,1968,864,0,0,0
course/G06_1.bin,G06_1,149,Object149,3632,896,0,1,0
course/G06_1.bin,G06_1,149,Object149,3600,896,0,1,0
course/G06_1.bin,G06_1,149,Object149,3616,832,0,1,0
course/G06_1.bin,G06_1,149,Object149,3536,912,0,1,0
course/G06_1.bin,G06_1,149,Object149,3584,832,0,1,0
course/G06_1.bin,G06_1,149,Object149,3552,912,0,1,0
course/G06_1.bin,G06_1,32,,5392,960,0,0,4096
course/G06_1.bin,G06_1,150,Object150,5248,896,0,32,0
course/G06_1.bin,G06_1,117,Object117,2192,896,0,4113,0
course/G06_1.bin,G06_1,22,,2112,848,0,16,0
course/G06_1.bin,G06_1,150,Object150,3824,880,0,0,0
course/G06_1.bin,G06_1,150,Object150,3792,896,0,0,0
course/G06_1.bin,G06_1,150,Object150,3744,928,0,0,0
course/G06_1.bin,G06_1,150,Object150,3200,880,0,0,0
course/G06_1.bin,G06_1,150,Object150,3120,880,0,0,0
course/G06_1.bin,G06_1,150,Object150,3040,880,0,0,0
course/G06_1.bin,G06_1,150,Object150,2960,880,0,0,0
course/G06_1.bin,G06_1,150,Object150,2912,880,0,0,0
course/G06_1.bin,G06_1,150,Object150,3872,848,0,0,0
course/G06_2.bin,G06_2,174,Object174,416,208,0,263,1060
course/G06_2.bin,G06_2,155,Object155,256,288,0,3858,4112
course/G06_2.bin,G06_2,155,Object155,512,288,0,3858,4112
course/G06_2.bin,G06_2,155,Object155,768,288,0,3858,4112
course/G06_2.bin,G06_2,155,Object155,1024,288,0,3858,4112
course/G06_2.bin,G06_2,155,Object155,1280,288,0,3858,4112
course/G06_2.bin,G06_2,235,Object235,1168,112,0,0,0
course/G06_2.bin,G06_2,323,Object323,256,208,0,1,0
course/G06_2.bin,G06_2,315,Object315,256,240,0,34880,250
course/G06_2.bin,G06_2,315,Object315,272,240,0,34880,240
course/G06_3.bin,G06_3,150,Object150,544,384,0,32,0
course/G06_3.bin,G06_3,150,Object150,592,384,0,32,0
course/G06_3.bin,G06_3,150,Object150,640,384,0,32,0
course/G07_1.bin,G07_1,99,Object99,496,960,0,0,16
course/G07_1.bin,G07_1,69,Object69,800,1008,0,2821,0
course/G07_1.bin,G07_1,69,Object69,1168,912,0,1796,0
course/G07_1.bin,G07_1,32,,2160,176,0,0,0
course/G07_1.bin,G07_1,150,Object150,1792,416,0,33,0
course/G07_1.bin,G07_1,99,Object99,1680,384,0,0,16
course/G07_1.bin,G07_1,235,Object235,640,976,0,0,0
course/G07_1.bin,G07_1,235,Object235,912,320,0,512,0
course/G07_1.bin,G07_1,149,Object149,800,848,0,1,0
course/G07_1.bin,G07_1,218,Object218,112,928,0,257,2
course/G07_1.bin,G07_1,69,Object69,1024,960,0,1540,0
course/G07_1.bin,G07_1,198,Object198,1920,208,0,0,0
course/G07_1.bin,G07_1,199,Object199,2384,208,0,0,0
course/G07_1.bin,G07_1,150,Object150,2000,160,0,33,0
course/G07_1.bin,G07_1,68,Object68,1280,448,0,1282,0
course/G07_1.bin,G07_1,68,Object68,1040,448,0,1282,0
course/G07_1.bin,G07_1,149,Object149,1408,448,0,1,0
course/G07_1.bin,G07_1,235,Object235,1136,672,0,256,0
course/G07_1.bin,G07_1,150,Object150,2048,160,0,33,0
course/G07_1.bin,G07_1,91,Object91,1312,944,0,0,16
course/G07_1.bin,G07_1,34,,1360,720,23,0,0
course/G07_1.bin,G07_1,106,FireSnake,1232,576,23,0,0
course/G07_1.bin,G07_1,106,FireSnake,1344,640,23,0,0
course/G07_1.bin,G07_1,106,FireSnake,1232,640,23,0,0
course/G07_1.bin,G07_1,106,FireSnake,1264,688,23,0,0
course/G07_1.bin,G07_1,106,FireSnake,1296,608,23,0,0
course/G07_1.bin,G07_1,106,FireSnake,1184,560,23,0,0
course/G07_1.bin,G07_1,106,FireSnake,1216,688,23,0,0
course/G07_1.bin,G07_1,106,FireSnake,1328,688,23,0,0
course/G07_1.bin,G07_1,149,Object149,896,608,0,1,0
course/G07_1.bin,G07_1,117,Object117,176,896,0,0,0
course/G07_1.bin,G07_1,22,,320,928,0,0,0
course/G07_1.bin,G07_1,315,Object315,0,1008,0,34880,250
course/G07_1.bin,G07_1,315,Object315,16,1008,0,34880,240
course/G07_1.bin,G07_1,149,Object149,528,960,0,1,0
course/G07_1.bin,G07_1,149,Object149,1024,912,0,1,0
course/G07_1.bin,G07_1,149,Object149,1008,544,0,1,0
course/G07_1.bin,G07_1,149,Object149,1296,400,0,1,0
course/G07_1.bin,G07_1,149,Object149,320,992,0,1,0
course/G07_1.bin,G07_1,149,Object149,144,912,0,1,0
course/G07_1.bin,G07_1,149,Object149,960,496,0,1,0
course/G07_1.bin,G07_1,323,Object323,944,624,0,1,0
course/G07_1.bin,G07_1,218,Object218,1008,608,0,1,1024
course/G07_1.bin,G07_1,117,Object117,1200,496,0,16,0
course/G07_1.bin,G07_1,22,,1184,400,0,16,0
course/G07_1.bin,G07_1,131,Object131,848,544,0,0,0
course/G08_1.bin,G08_1,32,,832,208,0,0,0
course/G08_1.bin,G08_1,117,Object117,224,112,0,0,0
course/G08_1.bin,G08_1,22,,160,192,0,0,0
course/G08_2.bin,G08_2,235,Object235,544,1616,0,0,0
course/G08_2.bin,G08_2,26,Object26,528,1504,0,0,0
course/G08_2.bin,G08_2,25,Object25,464,992,0,0,0
course/G08_2.bin,G08_2,25,Object25,144,800,0,0,0
course/G08_2.bin,G08_2,24,Object24,192,592,0,0,0
course/G08_2.bin,G08_2,25,Object25,384,608,0,0,0
course/G08_2.bin,G08_2,25,Object25,352,480,0,0,0
course/G08_2.bin,G08_2,26,Object26,416,416,0,0,0
course/G08_2.bin,G08_2,25,Object25,336,368,0,0,0
course/G08_2.bin,G08_2,235,Object235,224,448,0,512,0
course/G08_2.bin,G08_2,281,Object281,176,1456,0,0,0
course/G08_2.bin,G08_2,281,Object281,528,1056,0,0,0
course/G08_2.bin,G08_2,281,Object281,256,896,0,0,0
course/G08_2.bin,G08_2,281,Object281,336,912,0,0,0
course/G08_2.bin,G08_2,281,Object281,480,496,0,0,0
course/G08_2.bin,G08_2,281,Object281,288,1616,0,1,0
course/G08_2.bin,G08_2,281,Object281,400,1360,0,1,0
course/G08_2.bin,G08_2,189,Object189,592,1488,0,4,0
course/G08_2.bin,G08_2,235,Object235,704,848,0,256,0
course/G08_2.bin,G08_2,149,Object149,224,1104,0,1,0
course/G08_2.bin,G08_2,289,,592,480,0,0,0
course/G08_2.bin,G08_2,131,Object131,256,1072,0,0,0
course/G08_2.bin,G08_2,276,Object276,624,1776,0,1536,0
course/G08_2.bin,G08_2,198,Object198,560,816,0,4096,4096
course/G08_2.bin,G08_2,199,Object199,752,816,0,4096,4096
course/G08_2.bin,G08_2,198,Object198,640,992,0,0,0
course/G08_2.bin,G08_2,199,Object199,752,992,0,0,0
course/G08_2.bin,G08_2,276,Object276,128,1776,0,1537,0
course/G08_2.bin,G08_2,228,Object228,64,1056,0,0,0
course/G08_2.bin,G08_2,281,Object281,176,864,0,0,0
course/G08_2.bin,G08_2,117,Object117,320,1040,0,4112,0
course/G08_2.bin,G08_2,22,,400,928,0,16,0
course/G09_1.bin,G09_1,278,Object278,784,896,0,141,0
course/G09_1.bin,G09_1,265,Object265,320,816,0,2,0
course/G09_1.bin,G09_1,265,Object265,224,832,0,2,0
course/G09_1.bin,G09_1,265,Object265,256,816,0,2,0
course/G09_1.bin,G09_1,265,Object265,288,832,0,2,0
course/G09_1.bin,G09_1,265,Object265,416,832,0,2,0
course/G09_1.bin,G09_1,265,Object265,352,832,0,2,0
course/G09_1.bin,G09_1,265,Object265,384,816,0,2,0
course/G09_1.bin,G09_1,265,Object265,448,816,0,2,0
course/G09_1.bin,G09_1,292,,832,880,2,8,0
course/G09_1.bin,G09_1,235,Object235,800,976,3,256,0
course/G09_1.bin,G09_1,290,,336,896,0,1,4114
course/G09_1.bin,G09_1,265,Object265,32,336,0,1,0
course/G09_1.bin,G09_1,265,Object265,64,320,0,1,0
course/G09_1.bin,G09_1,265,Object265,96,336,0,1,0
course/G09_1.bin,G09_1,265,Object265,128,320,0,1,0
course/G09_1.bin,G09_1,265,Object265,160,336,0,1,0
course/G09_1.bin,G09_1,265,Object265,192,320,0,1,0
course/G09_1.bin,G09_1,265,Object265,224,336,0,1,0
course/G09_1.bin,G09_1,265,Object265,256,320,0,1,0
course/G09_1.bin,G09_1,265,Object265,288,336,0,1,0
course/G09_1.bin,G09_1,265,Object265,320,320,0,1,0
course/G09_1.bin,G09_1,265,Object265,352,336,0,1,0
course/G09_1.bin,G09_1,265,Object265,384,320,0,1,0
course/G09_1.bin,G09_1,265,Object265,416,336,0,1,0
course/G09_1.bin,G09_1,265,Object265,448,320,0,1,0
course/G09_1.bin,G09_1,290,,240,432,1,4,4113
course/G09_1.bin,G09_1,68,Object68,384,464,1,1538,4096
course/G09_1.bin,G09_1,38,Object38,1664,528,0,0,0
course/G09_1.bin,G09_1,292,,1776,576,4,8,0
course/G09_1.bin,G09_1,107,Object107,960,992,2,256,0
course/G09_1.bin,G09_1,38,Object38,1584,592,0,0,0
course/G09_1.bin,G09_1,38,Object38,1824,592,0,0,0
course/G09_1.bin,G09_1,38,Object38,832,800,0,0,0
course/G09_1.bin,G09_1,292,,960,336,3,1,0
course/G09_1.bin,G09_1,292,,1008,480,3,2,0
course/G09_1.bin,G09_1,292,,1040,400,3,4,0
course/G09_1.bin,G09_1,292,,912,480,3,6,0
course/G09_1.bin,G09_1,292,,880,400,3,7,0
course/G09_1.bin,G09_1,291,,944,432,3,0,16
course/G09_1.bin,G09_1,38,Object38,1088,320,0,0,0
course/G09_1.bin,G09_1,68,Object68,432,400,1,1538,4096
course/G09_1.bin,G09_1,22,,976,416,0,0,0
course/G09_1.bin,G09_1,235,Object235,2256,112,0,0,0
course/G09_1.bin,G09_1,107,Object107,1632,576,4,256,0
course/G09_1.bin,G09_1,310,Object310,0,496,0,26656,8352
course/G09_1.bin,G09_1,310,Object310,16,496,0,26640,117
course/G09_1.bin,G09_1,310,Object310,1536,752,0,26656,8352
course/G09_1.bin,G09_1,310,Object310,1552,752,0,26640,117
course/G09_1.bin,G09_1,310,Object310,784,480,0,26656,8352
course/G09_1.bin,G09_1,310,Object310,800,480,0,26640,117
course/G09_1.bin,G09_1,310,Object310,896,848,0,26656,8352
course/G09_1.bin,G09_1,310,Object310,912,848,0,26640,117
course/G09_1.bin,G09_1,310,Object310,96,880,0,26656,8352
course/G09_1.bin,G09_1,310,Object310,112,880,0,26640,117
course/G09_1.bin,G09_1,33,,368,480,0,0,0
course/G09_1.bin,G09_1,117,Object117,848,352,0,8192,0
course/G09_1.bin,G09_1,206,Object206,2144,240,0,0,0
course/G09_1.bin,G09_1,284,Object274,2208,208,0,0,0
course/G09_1.bin,G09_1,284,Object274,2256,208,0,0,0
course/G09_1.bin,G09_1,284,Object274,2336,208,0,0,0
course/G09_1.bin,G09_1,310,Object310,2112,208,0,26656,8352
course/G09_1.bin,G09_1,310,Object310,2128,208,0,26640,117
course/G09_2.bin,G09_2,38,Object38,1056,400,0,0,0
course/G09_2.bin,G09_2,38,Object38,1312,480,0,0,0
course/G09_2.bin,G09_2,235,Object235,2416,320,0,512,0
course/G09_2.bin,G09_2,66,,736,368,0,256,0
course/G09_2.bin,G09_2,310,Object310,32,496,0,26656,8352
course/G09_2.bin,G09_2,310,Object310,48,496,0,26640,117
course/G09_3.bin,G09_3,32,,512,192,0,0,0
course/G09_3.bin,G09_3,32,,1776,192,0,0,4096
course/G09_3.bin,G09_3,290,,512,144,0,0,0
course/G09_3.bin,G09_3,68,Object68,1600,176,1,1026,0
course/G09_3.bin,G09_3,310,Object310,1472,224,0,26656,8256
course/G09_3.bin,G09_3,310,Object310,1488,224,0,26640,117
course/G09_3.bin,G09_3,310,Object310,256,224,0,26656,8256
course/G09_3.bin,G09_3,310,Object310,272,224,0,26640,117
course/G09_3.bin,G09_3,38,Object38,1472,144,0,0,0
course/G10_1.bin,G10_1,298,,464,1584,0,37395,5616
course/G10_1.bin,G10_1,298,,448,1616,0,45590,5552
course/G10_1.bin,G10_1,298,,432,1648,0,53785,5488
course/G10_1.bin,G10_1,298,,416,1680,0,61980,5424
course/G10_1.bin,G10_1,298,,448,1728,0,12563,5399
course/G10_1.bin,G10_1,298,,816,1120,0,21297,580
course/G10_1.bin,G10_1,298,,384,2576,0,45601,578
course/G10_1.bin,G10_1,298,,320,2560,0,45601,514
course/G10_1.bin,G10_1,298,,352,2512,0,45617,258
course/G10_1.bin,G10_1,298,,352,2432,0,45842,515
course/G10_1.bin,G10_1,298,,448,2528,0,12819,4102
course/G10_1.bin,G10_1,298,,448,2560,0,12307,4147
course/G10_1.bin,G10_1,298,,304,2384,0,49685,5427
course/G10_1.bin,G10_1,298,,272,2336,0,20737,5649
course/G10_1.bin,G10_1,235,Object235,464,2592,0,0,0
course/G10_1.bin,G10_1,298,,400,2384,0,49685,5171
course/G10_1.bin,G10_1,298,,816,1280,0,21297,324
course/G10_1.bin,G10_1,298,,864,1040,0,54065,580
course/G10_1.bin,G10_1,298,,864,1200,0,54065,324
course/G10_1.bin,G10_1,298,,912,1120,0,21297,580
course/G10_1.bin,G10_1,298,,912,1280,0,21297,324
course/G10_1.bin,G10_1,298,,976,1200,0,54033,17
course/G10_1.bin,G10_1,298,,928,752,0,13106,722
course/G10_1.bin,G10_1,298,,864,816,0,13091,5541
course/G10_1.bin,G10_1,298,,816,752,0,45874,647
course/G10_1.bin,G10_1,298,,864,704,0,45859,5556
course/G10_1.bin,G10_1,298,,816,656,0,13091,5451
course/G10_1.bin,G10_1,235,Object235,976,992,0,256,0
course/G10_1.bin,G10_1,298,,880,416,0,57890,435
course/G10_1.bin,G10_1,298,,848,384,0,57905,89
course/G10_1.bin,G10_1,298,,928,416,0,57889,59
course/G10_1.bin,G10_1,298,,928,368,0,25122,4245
course/G10_1.bin,G10_1,298,,896,352,0,25091,4305
course/G10_1.bin,G10_1,298,,768,368,0,57862,4155
course/G10_1.bin,G10_1,298,,816,384,0,57873,29
course/G10_1.bin,G10_1,298,,832,304,0,25137,149
course/G10_1.bin,G10_1,298,,864,336,0,25105,209
course/G10_1.bin,G10_1,298,,896,304,0,25121,179
course/G10_1.bin,G10_1,298,,320,1904,0,16646,4147
course/G10_1.bin,G10_1,298,,336,1856,0,16673,4403
course/G10_1.bin,G10_1,298,,400,1856,0,16673,4403
course/G10_1.bin,G10_1,298,,816,416,0,57889,149
course/G10_1.bin,G10_1,298,,768,432,0,57873,4290
course/G10_1.bin,G10_1,298,,784,320,0,57890,4215
course/G10_1.bin,G10_1,298,,928,288,0,25137,119
course/G10_1.bin,G10_1,298,,960,320,0,25123,4245
course/G10_1.bin,G10_1,298,,976,368,0,25122,4185
course/G10_1.bin,G10_1,298,,960,416,0,25091,4215
course/G10_1.bin,G10_1,298,,864,288,0,25121,89
course/G10_1.bin,G10_1,235,Object235,784,384,0,512,0
course/G10_1.bin,G10_1,298,,752,384,0,57888,4275
course/G10_1.bin,G10_1,132,Object132,1328,1408,0,0,0
course/G10_1.bin,G10_1,298,,336,2784,0,41250,4386
course/G10_1.bin,G10_1,298,,384,2768,0,41252,4130
course/G10_1.bin,G10_1,298,,464,2784,0,41251,4386
course/G10_1.bin,G10_1,22,,1472,2704,0,0,0
course/G10_1.bin,G10_1,117,Object117,1440,2656,0,4096,0
course/G10_1.bin,G10_1,298,,368,2144,0,21011,4403
course/G10_1.bin,G10_1,298,,256,2144,0,21011,4147
course/G10_1.bin,G10_1,298,,352,2080,0,53795,4915
course/G10_1.bin,G10_1,298,,448,2080,0,53797,4659
course/G10_1.bin,G10_1,298,,400,2016,0,21026,4915
course/G10_1.bin,G10_1,298,,272,2016,0,21010,4147
course/G10_1.bin,G10_1,298,,320,2016,0,21025,4659
course/G10_1.bin,G10_1,298,,1440,2432,0,45365,4642
course/G10_1.bin,G10_1,298,,1536,2432,0,45350,4642
course/G10_1.bin,G10_1,298,,1248,2656,0,4449,5184
course/G10_1.bin,G10_1,298,,1552,2608,0,4481,5380
course/G10_1.bin,G10_1,298,,1376,2464,0,45331,4642
course/G10_1.bin,G10_1,22,,1440,1408,0,16,0
course/G10_1.bin,G10_1,117,Object117,1408,1360,0,4112,0
course/G10_1.bin,G10_1,298,,368,1360,0,37633,5
course/G10_1.bin,G10_1,298,,368,1376,0,37633,20
course/G10_1.bin,G10_1,298,,368,1392,0,37633,35
course/G10_1.bin,G10_1,298,,368,1408,0,37633,50
course/G10_1.bin,G10_1,298,,368,1424,0,37633,65
course/G10_1.bin,G10_1,298,,368,1440,0,37633,80
course/G10_1.bin,G10_1,298,,880,1360,0,37633,5
course/G10_1.bin,G10_1,298,,880,1376,0,37633,20
course/G10_1.bin,G10_1,298,,880,1392,0,37633,35
course/G10_1.bin,G10_1,298,,880,1408,0,37633,50
course/G10_1.bin,G10_1,298,,880,1424,0,37633,65
course/G10_1.bin,G10_1,298,,880,1440,0,37633,80
course/G10_2.bin,G10_2,220,Object220,432,448,0,0,0
course/G10_2.bin,G10_2,298,,304,464,0,41227,4147
course/G10_2.bin,G10_2,298,,304,480,0,8481,4147
course/G10_2.bin,G10_2,298,,336,480,0,8483,4147
course/G10_2.bin,G10_2,298,,400,480,0,8481,4147
course/G11_1.bin,G11_1,299,,560,464,0,28672,4096
course/G11_1.bin,G11_1,36,Object36,1600,320,0,0,0
course/G11_1.bin,G11_1,109,Object109,1072,432,0,0,0
course/G11_1.bin,G11_1,109,Object109,992,384,0,0,0
course/G11_1.bin,G11_1,36,Object36,1872,320,0,0,0
course/G11_1.bin,G11_1,235,Object235,1184,320,0,16,0
course/G11_1.bin,G11_1,299,,2688,400,0,28704,4096
course/G11_1.bin,G11_1,303,StageLayout,2848,448,0,0,0
course/G11_1.bin,G11_1,303,StageLayout,3024,416,0,19,0
course/G11_1.bin,G11_1,303,StageLayout,3216,352,0,0,0
course/G11_1.bin,G11_1,303,StageLayout,3408,320,0,0,0
course/G11_1.bin,G11_1,303,StageLayout,3360,480,0,0,0
course/G11_1.bin,G11_1,235,Object235,3344,448,0,256,0
course/G11_1.bin,G11_1,118,Object118,3632,448,0,2,0
course/G11_1.bin,G11_1,118,Object118,3760,448,0,2,0
course/G11_1.bin,G11_1,118,Object118,3904,320,0,3,0
course/G11_1.bin,G11_1,118,Object118,4096,320,0,3,0
course/G11_1.bin,G11_1,118,Object118,4288,448,0,2,0
course/G11_1.bin,G11_1,235,Object235,4848,432,0,512,0
course/G11_1.bin,G11_1,118,Object118,4176,464,0,2,0
course/G11_1.bin,G11_1,118,Object118,4528,400,0,2,0
course/G11_1.bin,G11_1,118,Object118,4624,320,0,3,0
course/G11_1.bin,G11_1,132,Object132,2576,384,0,0,0
course/G11_2.bin,G11_2,47,Object47,720,80,52,0,0
course/G11_2.bin,G11_2,39,Object39,896,208,52,1,0
course/G11_2.bin,G11_2,129,Object129,896,208,0,0,0
course/H01_1.bin,H01_1,250,Object250,304,608,0,0,0
course/H01_1.bin,H01_1,284,Object274,336,720,0,0,0
course/H01_1.bin,H01_1,284,Object274,592,656,0,0,0
course/H01_1.bin,H01_1,27,Object27,736,720,0,0,0
course/H01_1.bin,H01_1,284,Object274,1040,720,0,0,0
course/H01_1.bin,H01_1,284,Object274,1120,688,0,0,0
course/H01_1.bin,H01_1,284,Object274,1184,656,0,0,0
course/H01_1.bin,H01_1,250,Object250,1344,576,0,0,0
course/H01_1.bin,H01_1,250,Object250,1472,576,0,0,0
course/H01_1.bin,H01_1,284,Object274,2336,672,0,0,0
course/H01_1.bin,H01_1,284,Object274,2368,704,0,0,0
course/H01_1.bin,H01_1,284,Object274,2416,720,0,0,0
course/H01_1.bin,H01_1,250,Object250,1600,576,0,0,0
course/H01_1.bin,H01_1,284,Object274,816,720,0,0,0
course/H01_1.bin,H01_1,27,Object27,848,720,0,32,0
course/H01_1.bin,H01_1,250,Object250,1040,592,0,0,0
course/H01_1.bin,H01_1,27,Object27,1200,656,0,0,0
course/H01_1.bin,H01_1,250,Object250,2032,608,0,0,0
course/H01_1.bin,H01_1,250,Object250,1744,576,0,0,0
course/H01_1.bin,H01_1,250,Object250,1856,576,0,0,0
course/H01_1.bin,H01_1,27,Object27,2192,736,0,16,0
course/H01_1.bin,H01_1,250,Object250,2208,608,0,0,0
course/H01_1.bin,H01_1,38,Object38,2400,656,0,0,0
course/H01_1.bin,H01_1,38,Object38,2880,624,0,0,0
course/H01_1.bin,H01_1,27,Object27,2768,672,0,0,0
course/H01_1.bin,H01_1,27,Object27,2912,720,0,32,0
course/H01_1.bin,H01_1,27,Object27,3056,720,0,0,0
course/H01_1.bin,H01_1,27,Object27,3280,688,0,0,0
course/H01_1.bin,H01_1,27,Object27,3344,656,0,0,0
course/H01_1.bin,H01_1,27,Object27,3408,624,0,0,0
course/H01_1.bin,H01_1,235,Object235,3232,560,0,256,0
course/H01_1.bin,H01_1,252,Object252,3680,688,0,0,0
course/H01_1.bin,H01_1,38,Object38,3216,576,0,0,0
course/H01_1.bin,H01_1,235,Object235,3584,704,0,512,0
course/H01_1.bin,H01_1,32,,3920,704,0,0,0
course/H01_1.bin,H01_1,155,Object155,1872,496,0,16,290
course/H01_1.bin,H01_1,22,,208,720,0,1,0
course/H01_1.bin,H01_1,117,Object117,224,672,0,1,0
course/H01_1.bin,H01_1,132,Object132,2576,624,0,0,0
course/H01_1.bin,H01_1,117,Object117,2768,624,0,17,0
course/H01_1.bin,H01_1,22,,2672,672,0,17,0
course/H01_1.bin,H01_1,155,Object155,2000,480,0,273,290
course/H01_1.bin,H01_1,310,Object310,32,640,0,26656,8304
course/H01_1.bin,H01_1,310,Object310,48,640,0,26640,69
course/H01_2.bin,H01_2,235,Object235,224,80,0,16,0
course/H01_2.bin,H01_2,155,Object155,0,224,0,3347,4112
course/H01_2.bin,H01_2,155,Object155,224,224,0,3860,4112
course/H01_2.bin,H01_2,310,Object310,0,176,0,26656,8336
course/H01_2.bin,H01_2,310,Object310,16,176,0,26640,101
course/H02_1.bin,H02_1,32,,320,192,0,0,0
course/H02_1.bin,H02_1,117,Object117,1136,128,0,0,0
course/H02_1.bin,H02_1,22,,1184,112,0,0,0
course/H02_1.bin,H02_1,22,,128,144,0,16,0
course/H02_1.bin,H02_1,310,Object310,1024,224,0,26656,8352
course/H02_1.bin,H02_1,310,Object310,1040,224,0,26640,117
course/H02_1.bin,H02_1,310,Object310,0,224,0,26656,8352
course/H02_1.bin,H02_1,310,Object310,16,224,0,26640,117
course/H02_2.bin,H02_2,231,Object231,16,1120,48,10269,20
course/H02_2.bin,H02_2,116,Object116,32,1104,0,256,0
course/H02_2.bin,H02_2,107,Object107,224,1120,48,257,256
course/H02_2.bin,H02_2,50,Object50,32,1200,0,0,0
course/H02_2.bin,H02_2,231,Object231,528,544,48,2072,20
course/H02_2.bin,H02_2,116,Object116,1136,544,0,256,0
course/H02_2.bin,H02_2,246,Object246,1040,528,0,1,0
course/H02_2.bin,H02_2,246,Object246,1152,528,0,1,0
course/H02_2.bin,H02_2,246,Object246,912,528,0,1,0
course/H02_2.bin,H02_2,107,Object107,528,512,48,256,512
course/H02_2.bin,H02_2,235,Object235,928,1968,0,0,0
course/H02_2.bin,H02_2,231,Object231,1296,1936,48,4120,20
course/H02_2.bin,H02_2,116,Object116,1456,1936,0,256,0
course/H02_2.bin,H02_2,116,Object116,1344,1936,0,256,0
course/H02_2.bin,H02_2,107,Object107,224,1872,48,257,768
course/H02_2.bin,H02_2,235,Object235,336,1552,0,512,0
course/H02_2.bin,H02_2,107,Object107,1488,1920,48,257,768
course/H02_2.bin,H02_2,231,Object231,16,1904,48,4120,20
course/H02_2.bin,H02_2,116,Object116,304,1904,0,256,0
course/H02_2.bin,H02_2,116,Object116,112,1904,0,256,0
course/H02_2.bin,H02_2,235,Object235,1392,1536,0,256,0
course/H02_2.bin,H02_2,116,Object116,784,544,0,256,0
course/H02_2.bin,H02_2,246,Object246,784,528,0,1,0
course/H02_2.bin,H02_2,246,Object246,656,528,0,1,0
course/H02_2.bin,H02_2,289,,128,1920,0,0,0
course/H02_2.bin,H02_2,50,Object50,1280,1888,48,0,0
course/H02_2.bin,H02_2,116,Object116,960,544,0,256,0
course/H02_2.bin,H02_2,116,Object116,624,544,0,256,0
course/H02_2.bin,H02_2,131,Object131,880,2192,0,0,0
course/H02_2.bin,H02_2,117,Object117,928,2160,0,16,0
course/H02_2.bin,H02_2,289,,272,1920,0,0,0
course/H02_2.bin,H02_2,231,Object231,768,2240,0,0,20
course/H02_3.bin,H02_3,68,Object68,64,240,0,2305,0
course/H02_3.bin,H02_3,68,Object68,144,96,0,2305,1
course/H02_3.bin,H02_3,222,Object222,176,112,0,0,0
course/H02_3.bin,H02_3,222,Object222,112,112,0,0,0
course/H02_3.bin,H02_3,222,Object222,192,112,0,0,0
course/H02_3.bin,H02_3,222,Object222,112,160,0,1,0
course/H02_3.bin,H02_3,222,Object222,192,160,0,1,0
course/H02_3.bin,H02_3,222,Object222,48,160,0,1,0
course/H02_3.bin,H02_3,222,Object222,128,224,0,0,0
course/H02_3.bin,H02_3,222,Object222,160,224,0,0,0
course/H03_1.bin,H03_1,32,,416,208,0,0,0
course/H03_1.bin,H03_1,150,Object150,320,112,0,32,0
course/H03_1.bin,H03_1,117,Object117,1056,400,0,8192,0
course/H03_1.bin,H03_1,22,,1152,400,0,0,0
course/H03_1.bin,H03_1,231,Object231,1024,496,0,0,20
course/H03_1.bin,H03_1,22,,272,224,0,16,0
course/H03_2.bin,H03_2,92,Object92,224,784,0,0,1
course/H03_2.bin,H03_2,92,Object92,48,1376,0,0,1
course/H03_2.bin,H03_2,92,Object92,240,1248,0,1,0
course/H03_2.bin,H03_2,92,Object92,0,1088,0,0,1
course/H03_2.bin,H03_2,251,Object251,144,336,0,0,1
course/H03_2.bin,H03_2,92,Object92,48,1120,0,0,1
course/H03_2.bin,H03_2,92,Object92,96,1152,0,0,1
course/H03_2.bin,H03_2,96,Object96,64,2016,0,0,0
course/H03_2.bin,H03_2,93,Object93,224,2016,0,33,1
course/H03_2.bin,H03_2,92,Object92,0,1248,0,1,0
course/H03_2.bin,H03_2,92,Object92,208,1696,0,17,0
course/H03_2.bin,H03_2,92,Object92,224,1776,0,17,0
course/H03_2.bin,H03_2,92,Object92,224,1600,0,1,0
course/H03_2.bin,H03_2,92,Object92,0,1600,0,1,0
course/H03_2.bin,H03_2,268,Object268,576,272,0,0,0
course/H03_2.bin,H03_2,268,Object268,944,448,0,0,0
course/H03_2.bin,H03_2,268,Object268,1808,352,0,0,0
course/H03_2.bin,H03_2,268,Object268,80,1968,0,0,0
course/H03_2.bin,H03_2,268,Object268,192,1968,0,0,0
course/H03_2.bin,H03_2,57,Object57,1120,352,0,258,0
course/H03_2.bin,H03_2,57,Object57,864,352,0,258,0
course/H03_2.bin,H03_2,57,Object57,720,432,0,258,0
course/H03_2.bin,H03_2,57,Object57,1312,368,0,258,0
course/H03_2.bin,H03_2,57,Object57,2384,352,0,258,0
course/H03_2.bin,H03_2,57,Object57,2128,400,0,258,0
course/H03_2.bin,H03_2,57,Object57,1424,400,0,257,0
course/H03_2.bin,H03_2,57,Object57,288,288,0,258,0
course/H03_2.bin,H03_2,57,Object57,576,320,0,257,0
course/H03_2.bin,H03_2,57,Object57,464,288,0,258,0
course/H03_2.bin,H03_2,268,Object268,2800,288,0,0,0
course/H03_2.bin,H03_2,268,Object268,4928,416,0,0,0
course/H03_2.bin,H03_2,57,Object57,3216,416,0,258,0
course/H03_2.bin,H03_2,57,Object57,2672,368,0,258,0
course/H03_2.bin,H03_2,57,Object57,4464,416,0,258,0
course/H03_2.bin,H03_2,268,Object268,4000,368,0,0,0
course/H03_2.bin,H03_2,268,Object268,3904,336,0,0,0
course/H03_2.bin,H03_2,50,Object50,4304,272,0,0,0
course/H03_2.bin,H03_2,57,Object57,4000,304,0,258,0
course/H03_2.bin,H03_2,57,Object57,3600,416,0,258,0
course/H03_2.bin,H03_2,57,Object57,3808,320,0,258,0
course/H03_2.bin,H03_2,50,Object50,4608,464,0,0,0
course/H03_2.bin,H03_2,92,Object92,2672,304,0,16,0
course/H03_2.bin,H03_2,92,Object92,3424,288,0,16,0
course/H03_2.bin,H03_2,92,Object92,4096,320,0,0,0
course/H03_2.bin,H03_2,92,Object92,4544,336,0,0,0
course/H03_2.bin,H03_2,235,Object235,2944,272,0,256,0
course/H03_2.bin,H03_2,50,Object50,4112,352,0,0,0
course/H03_2.bin,H03_2,31,,1360,400,0,0,0
course/H03_2.bin,H03_2,31,,1296,336,0,0,0
course/H03_2.bin,H03_2,31,,1584,384,0,0,0
course/H03_2.bin,H03_2,31,,1920,336,0,0,0
course/H03_2.bin,H03_2,31,,2048,304,0,0,0
course/H03_2.bin,H03_2,31,,2736,384,0,0,0
course/H03_2.bin,H03_2,198,Object198,256,496,0,0,0
course/H03_2.bin,H03_2,199,Object199,5104,496,0,0,0
course/H03_2.bin,H03_2,92,Object92,1888,464,0,0,1
course/H03_2.bin,H03_2,92,Object92,2960,448,0,0,1
course/H03_2.bin,H03_2,92,Object92,2224,304,0,0,1
course/H03_2.bin,H03_2,31,,4816,304,0,0,0
course/H03_2.bin,H03_2,31,,4176,448,0,4096,0
course/H03_2.bin,H03_2,31,,4544,416,0,4096,0
course/H03_2.bin,H03_2,31,,3792,288,0,4096,0
course/H03_2.bin,H03_2,31,,3616,400,0,4096,0
course/H03_2.bin,H03_2,31,,3312,432,0,4096,0
course/H03_2.bin,H03_2,31,,3264,320,0,4096,0
course/H03_2.bin,H03_2,92,Object92,4800,368,0,0,0
course/H03_2.bin,H03_2,235,Object235,4608,416,0,512,0
course/H03_2.bin,H03_2,235,Object235,2560,432,0,0,0
course/H03_2.bin,H03_2,280,Object280,256,272,0,61648,160
course/H03_2.bin,H03_2,92,Object92,912,464,0,0,1
course/H03_2.bin,H03_2,92,Object92,624,336,0,0,1
course/H03_2.bin,H03_2,50,Object50,720,368,0,0,0
course/H03_2.bin,H03_2,50,Object50,2240,368,0,0,0
course/H03_2.bin,H03_2,276,Object276,304,496,0,1,4096
course/H03_2.bin,H03_2,93,Object93,4864,480,0,1,0
course/H03_2.bin,H03_2,66,,1520,288,0,1,0
course/H03_2.bin,H03_2,131,Object131,48,688,0,0,0
course/H03_2.bin,H03_2,50,Object50,1088,400,0,0,0
course/H03_2.bin,H03_2,50,Object50,2704,400,0,0,0
course/H03_2.bin,H03_2,50,Object50,3360,464,0,0,0
course/H03_2.bin,H03_2,50,Object50,864,272,0,0,0
course/H03_2.bin,H03_2,50,Object50,1376,416,0,0,0
course/H03_2.bin,H03_2,316,,16,256,0,43554,45066
course/H03_2.bin,H03_2,317,Object317,32,256,0,26146,0
course/H03_2.bin,H03_2,117,Object117,96,688,0,8208,0
course/H03_2.bin,H03_2,50,Object50,512,464,0,0,0
course/H03_2.bin,H03_2,34,,3472,336,18,0,0
course/H03_2.bin,H03_2,106,FireSnake,3632,304,18,1,0
course/H03_2.bin,H03_2,106,FireSnake,3664,304,18,1,0
course/H03_2.bin,H03_2,106,FireSnake,3696,304,18,1,0
course/H03_2.bin,H03_2,106,FireSnake,3792,416,18,1,0
course/H03_2.bin,H03_2,106,FireSnake,3824,416,18,1,0
course/H03_2.bin,H03_2,106,FireSnake,3760,416,18,1,0
course/H03_2.bin,H03_2,106,FireSnake,3536,352,18,1,0
course/H03_2.bin,H03_2,106,FireSnake,3584,352,18,1,0
course/H03_2.bin,H03_2,31,,2416,448,0,0,0
course/H03_2.bin,H03_2,31,,4448,320,0,4096,0
course/H03_2.bin,H03_2,31,,4640,304,0,4096,0
course/H03_2.bin,H03_2,34,,80,1264,17,0,0
course/H03_2.bin,H03_2,106,FireSnake,160,1248,17,0,0
course/H03_2.bin,H03_2,106,FireSnake,192,1248,17,0,0
course/H03_2.bin,H03_2,106,FireSnake,176,1056,17,0,0
course/H03_2.bin,H03_2,106,FireSnake,176,1200,17,0,0
course/H03_2.bin,H03_2,106,FireSnake,80,1104,17,0,0
course/H03_2.bin,H03_2,106,FireSnake,112,1104,17,0,0
course/H03_2.bin,H03_2,106,FireSnake,32,1152,17,0,0
course/H03_2.bin,H03_2,106,FireSnake,64,1152,17,0,0
course/H04_1.bin,H04_1,285,Object285,144,576,0,256,0
course/H04_1.bin,H04_1,226,Object226,4160,576,0,64,0
course/H04_1.bin,H04_1,235,Object235,1696,592,0,0,0
course/H04_1.bin,H04_1,32,,4256,720,0,0,0
course/H04_1.bin,H04_1,132,Object132,1808,608,0,0,0
course/H04_1.bin,H04_1,117,Object117,192,688,0,0,0
course/H04_1.bin,H04_1,22,,256,720,0,0,0
course/H04_1.bin,H04_1,235,Object235,2720,576,0,256,0
course/H04_1.bin,H04_1,285,Object285,1808,544,0,0,0
course/H04_1.bin,H04_1,226,Object226,1568,560,0,1,0
course/H04_1.bin,H04_1,226,Object226,1600,560,0,1,0
course/H04_1.bin,H04_1,226,Object226,1632,560,0,1,0
course/H04_1.bin,H04_1,226,Object226,1776,512,0,1,0
course/H04_1.bin,H04_1,226,Object226,1808,512,0,1,0
course/H04_1.bin,H04_1,226,Object226,1840,512,0,1,0
course/H04_1.bin,H04_1,117,Object117,1872,672,0,4112,0
course/H04_1.bin,H04_1,22,,1904,720,0,16,0
course/H04_1.bin,H04_1,71,Object71,944,736,0,1028,0
course/H04_1.bin,H04_1,71,Object71,1056,688,0,1028,1
course/H04_1.bin,H04_1,71,Object71,1168,736,0,1028,0
course/H04_1.bin,H04_1,71,Object71,1280,688,0,1028,257
course/H04_1.bin,H04_1,71,Object71,640,752,0,1028,0
course/H04_1.bin,H04_1,71,Object71,2400,736,0,1028,0
course/H04_1.bin,H04_1,71,Object71,2512,688,0,1027,1
course/H04_1.bin,H04_1,71,Object71,2720,688,0,1025,257
course/H04_1.bin,H04_1,71,Object71,2624,752,0,1026,0
course/H04_1.bin,H04_1,297,,3392,752,0,2567,0
course/H04_1.bin,H04_1,297,,3648,688,0,1033,0
course/H04_1.bin,H04_1,297,,3856,752,0,1031,1
course/H04_1.bin,H04_1,149,Object149,3664,672,0,1,0
course/H04_1.bin,H04_1,149,Object149,2528,672,0,1,0
course/H04_1.bin,H04_1,149,Object149,1424,656,0,1,0
course/H04_1.bin,H04_1,72,Object72,3024,704,0,516,0
course/H04_1.bin,H04_1,72,Object72,3184,704,0,514,1
course/H04_1.bin,H04_1,72,Object72,3248,704,0,514,0
course/H04_1.bin,H04_1,72,Object72,3376,704,0,516,1
course/H04_1.bin,H04_1,285,Object285,2800,544,0,512,0
course/H04_2.bin,H04_2,222,Object222,224,80,0,0,0
course/H04_2.bin,H04_2,222,Object222,272,80,0,0,0
course/H04_2.bin,H04_2,222,Object222,336,80,0,0,0
course/H04_2.bin,H04_2,235,Object235,176,64,0,529,0
course/H04_2.bin,H04_2,222,Object222,64,208,0,0,0
course/H04_2.bin,H04_2,222,Object222,288,160,0,0,0
course/H04_2.bin,H04_2,222,Object222,464,208,0,0,0
course/H04_2.bin,H04_2,222,Object222,160,144,0,0,0
course/H04_2.bin,H04_2,222,Object222,272,208,0,0,0
course/H05_1.bin,H05_1,73,Object73,432,432,0,0,0
course/H05_1.bin,H05_1,149,Object149,352,448,0,0,0
course/H05_1.bin,H05_1,149,Object149,720,432,0,1,0
course/H05_1.bin,H05_1,74,Object74,784,432,0,0,0
course/H05_1.bin,H05_1,74,Object74,880,432,0,0,0
course/H05_1.bin,H05_1,54,Object54,1136,368,0,0,0
course/H05_1.bin,H05_1,54,Object54,1248,352,0,0,0
course/H05_1.bin,H05_1,74,Object74,1168,416,0,0,0
course/H05_1.bin,H05_1,54,Object54,960,384,0,0,0
course/H05_1.bin,H05_1,148,Object148,560,416,0,0,0
course/H05_1.bin,H05_1,148,Object148,1072,384,0,0,0
course/H05_1.bin,H05_1,148,Object148,1104,384,0,0,0
course/H05_1.bin,H05_1,148,Object148,1376,384,0,0,0
course/H05_1.bin,H05_1,149,Object149,1536,336,0,1,0
course/H05_1.bin,H05_1,73,Object73,1552,432,0,0,0
course/H05_1.bin,H05_1,54,Object54,1408,336,0,0,0
course/H05_1.bin,H05_1,54,Object54,1504,304,0,0,0
course/H05_1.bin,H05_1,74,Object74,1792,416,0,0,0
course/H05_1.bin,H05_1,73,Object73,1920,432,0,0,0
course/H05_1.bin,H05_1,149,Object149,1824,400,0,1,0
course/H05_1.bin,H05_1,149,Object149,2016,416,0,1,0
course/H05_1.bin,H05_1,74,Object74,2144,416,0,0,0
course/H05_1.bin,H05_1,74,Object74,2224,384,0,0,0
course/H05_1.bin,H05_1,74,Object74,2304,352,0,0,0
course/H05_1.bin,H05_1,54,Object54,2208,384,0,0,0
course/H05_1.bin,H05_1,54,Object54,2288,336,0,0,0
course/H05_1.bin,H05_1,54,Object54,2368,288,0,0,0
course/H05_1.bin,H05_1,73,Object73,2400,320,0,0,0
course/H05_1.bin,H05_1,73,Object73,2624,416,0,0,0
course/H05_1.bin,H05_1,54,Object54,2592,352,0,0,0
course/H05_1.bin,H05_1,54,Object54,2816,416,0,0,0
course/H05_1.bin,H05_1,54,Object54,2848,384,0,0,0
course/H05_1.bin,H05_1,54,Object54,2880,448,0,0,0
course/H05_1.bin,H05_1,149,Object149,2768,400,0,1,0
course/H05_1.bin,H05_1,149,Object149,2672,400,0,1,0
course/H05_1.bin,H05_1,149,Object149,2464,304,0,1,0
course/H05_1.bin,H05_1,74,Object74,3120,464,0,0,0
course/H05_1.bin,H05_1,74,Object74,3200,464,0,0,0
course/H05_1.bin,H05_1,74,Object74,3280,464,0,0,0
course/H05_1.bin,H05_1,74,Object74,3360,464,0,0,0
course/H05_1.bin,H05_1,74,Object74,3440,464,0,0,0
course/H05_1.bin,H05_1,74,Object74,3520,464,0,0,0
course/H05_1.bin,H05_1,150,Object150,3328,448,0,0,0
course/H05_1.bin,H05_1,150,Object150,3488,448,0,0,0
course/H05_1.bin,H05_1,150,Object150,3568,448,0,0,0
course/H05_1.bin,H05_1,74,Object74,3616,464,0,0,0
course/H05_1.bin,H05_1,74,Object74,3696,448,0,0,0
course/H05_1.bin,H05_1,54,Object54,3584,416,0,0,0
course/H05_1.bin,H05_1,54,Object54,3680,416,0,0,0
course/H05_1.bin,H05_1,54,Object54,3776,384,0,0,0
course/H05_1.bin,H05_1,54,Object54,3424,416,0,0,0
course/H05_1.bin,H05_1,74,Object74,3808,368,0,0,0
course/H05_1.bin,H05_1,149,Object149,3664,448,0,1,0
course/H05_1.bin,H05_1,148,Object148,3248,448,0,0,0
course/H05_1.bin,H05_1,234,Object234,0,480,0,0,31
course/H05_1.bin,H05_1,198,Object198,0,288,0,0,4096
course/H05_1.bin,H05_1,199,Object199,2096,288,0,0,4096
course/H05_1.bin,H05_1,54,Object54,160,400,0,0,0
course/H05_1.bin,H05_1,150,Object150,3712,432,0,0,0
course/H05_1.bin,H05_1,198,Object198,2976,288,0,0,4096
course/H05_1.bin,H05_1,199,Object199,4080,288,0,0,4096
course/H05_1.bin,H05_1,235,Object235,2560,416,0,273,0
course/H05_1.bin,H05_1,235,Object235,3936,288,0,512,0
course/H05_1.bin,H05_1,74,Object74,1360,464,0,0,0
course/H05_1.bin,H05_1,235,Object235,1376,416,0,0,0
course/H05_1.bin,H05_1,22,,192,448,0,1,0
course/H05_1.bin,H05_1,117,Object117,256,384,0,1,0
course/H05_1.bin,H05_1,318,Object318,0,256,0,21780,6416
course/H05_1.bin,H05_1,319,,16,256,0,34854,30998
course/H05_1.bin,H05_1,320,,32,256,0,43608,39209
course/H05_2.bin,H05_2,32,,192,464,0,0,0
course/H06_1.bin,H06_1,234,Object234,0,2544,0,61442,16
course/H06_1.bin,H06_1,149,Object149,128,2304,0,1,0
course/H06_1.bin,H06_1,189,Object189,128,2176,0,3,0
course/H06_1.bin,H06_1,235,Object235,224,2064,0,0,0
course/H06_1.bin,H06_1,149,Object149,48,2368,0,1,0
course/H06_1.bin,H06_1,95,Object95,208,1648,0,0,0
course/H06_1.bin,H06_1,95,Object95,64,1616,0,0,0
course/H06_1.bin,H06_1,95,Object95,112,1408,0,0,0
course/H06_1.bin,H06_1,235,Object235,32,1360,0,256,0
course/H06_1.bin,H06_1,95,Object95,176,1264,0,0,0
course/H06_1.bin,H06_1,150,Object150,128,1344,0,4112,0
course/H06_1.bin,H06_1,287,,96,1776,0,2,0
course/H06_1.bin,H06_1,148,Object148,96,1952,0,0,0
course/H06_1.bin,H06_1,148,Object148,144,1888,0,0,0
course/H06_1.bin,H06_1,148,Object148,240,1840,0,0,0
course/H06_1.bin,H06_1,189,Object189,112,688,0,4,0
course/H06_1.bin,H06_1,150,Object150,192,1168,0,16,0
course/H06_1.bin,H06_1,147,Object147,128,2320,0,6,0
course/H06_1.bin,H06_1,147,Object147,48,880,0,13,0
course/H06_1.bin,H06_1,147,Object147,208,944,0,13,0
course/H06_1.bin,H06_1,37,Object37,240,928,0,0,0
course/H06_1.bin,H06_1,147,Object147,128,816,0,5,0
course/H06_1.bin,H06_1,147,Object147,0,816,0,6,0
course/H06_1.bin,H06_1,37,Object37,0,864,0,0,0
course/H06_1.bin,H06_1,235,Object235,144,720,0,512,0
course/H06_1.bin,H06_1,37,Object37,0,800,0,0,0
course/H06_1.bin,H06_1,37,Object37,224,736,0,0,0
course/H06_1.bin,H06_1,147,Object147,0,2192,0,9,0
course/H06_1.bin,H06_1,149,Object149,16,2176,0,1,0
course/H06_1.bin,H06_1,147,Object147,64,1008,0,13,0
course/H06_1.bin,H06_1,155,Object155,112,272,0,256,291
course/H06_1.bin,H06_1,37,Object37,32,992,0,0,0
course/H06_1.bin,H06_1,22,,224,2368,0,0,0
course/H06_1.bin,H06_1,117,Object117,176,2336,0,0,0
course/H06_1.bin,H06_1,131,Object131,128,1680,0,0,0
course/H06_1.bin,H06_1,318,Object318,0,368,0,21780,6416
course/H06_1.bin,H06_1,319,,16,368,0,34854,30998
course/H06_1.bin,H06_1,320,,32,368,0,43608,39209
course/H06_1.bin,H06_1,22,,32,1680,0,16,0
course/H06_1.bin,H06_1,117,Object117,176,1648,0,16,0
course/H06_1.bin,H06_1,57,Object57,176,1008,0,0,0
course/H06_1.bin,H06_1,57,Object57,176,1040,0,0,0
course/H06_1.bin,H06_1,57,Object57,176,1072,0,0,0
course/H06_1.bin,H06_1,57,Object57,176,1104,0,0,0
course/H06_1.bin,H06_1,57,Object57,176,1136,0,0,0
course/H06_1.bin,H06_1,57,Object57,176,1168,0,0,0
course/H06_1.bin,H06_1,57,Object57,176,1200,0,0,0
course/H06_1.bin,H06_1,57,Object57,208,1504,0,0,0
course/H06_1.bin,H06_1,57,Object57,208,1520,0,0,0
course/H06_1.bin,H06_1,57,Object57,208,1536,0,0,0
course/H06_1.bin,H06_1,57,Object57,208,1552,0,0,0
course/H06_1.bin,H06_1,57,Object57,208,1568,0,0,0
course/H06_1.bin,H06_1,57,Object57,208,1584,0,0,0
course/H06_1.bin,H06_1,57,Object57,176,1984,0,0,0
course/H06_1.bin,H06_1,57,Object57,192,1984,0,0,0
course/H06_1.bin,H06_1,57,Object57,144,2048,0,0,0
course/H06_1.bin,H06_1,57,Object57,160,2048,0,0,0
course/H06_1.bin,H06_1,57,Object57,0,2144,0,0,0
course/H06_1.bin,H06_1,57,Object57,16,2128,0,0,0
course/H06_1.bin,H06_1,57,Object57,32,2144,0,0,0
course/H06_1.bin,H06_1,57,Object57,224,2144,0,0,0
course/H06_1.bin,H06_1,57,Object57,240,2128,0,0,0
course/H06_1.bin,H06_1,57,Object57,112,2384,0,0,0
course/H06_1.bin,H06_1,57,Object57,128,2384,0,0,0
course/H06_1.bin,H06_1,57,Object57,144,2400,0,0,0
course/H06_2.bin,H06_2,32,,576,416,0,0,0
course/H06_2.bin,H06_2,95,Object95,64,368,0,0,0
course/H07_1.bin,H07_1,32,,4880,576,0,0,0
course/H07_1.bin,H07_1,150,Object150,224,640,0,32,0
course/H07_1.bin,H07_1,198,Object198,0,560,0,0,4096
course/H07_1.bin,H07_1,199,Object199,3840,560,0,0,4096
course/H07_1.bin,H07_1,150,Object150,512,672,0,32,0
course/H07_1.bin,H07_1,150,Object150,624,656,0,32,0
course/H07_1.bin,H07_1,235,Object235,832,704,0,0,0
course/H07_1.bin,H07_1,150,Object150,1136,672,0,32,0
course/H07_1.bin,H07_1,150,Object150,1872,576,0,16,0
course/H07_1.bin,H07_1,150,Object150,1872,688,0,16,0
course/H07_1.bin,H07_1,209,Object209,880,672,0,0,0
course/H07_1.bin,H07_1,150,Object150,480,640,0,33,0
course/H07_1.bin,H07_1,149,Object149,448,672,0,1,0
course/H07_1.bin,H07_1,149,Object149,688,688,0,1,0
course/H07_1.bin,H07_1,150,Object150,720,640,0,32,0
course/H07_1.bin,H07_1,149,Object149,1248,704,0,1,0
course/H07_1.bin,H07_1,149,Object149,1200,704,0,1,0
course/H07_1.bin,H07_1,149,Object149,1648,704,0,1,0
course/H07_1.bin,H07_1,235,Object235,3072,624,0,256,0
course/H07_1.bin,H07_1,57,Object57,1664,624,0,0,0
course/H07_1.bin,H07_1,57,Object57,1680,624,0,0,0
course/H07_1.bin,H07_1,57,Object57,1488,592,0,0,0
course/H07_1.bin,H07_1,57,Object57,1504,592,0,0,0
course/H07_1.bin,H07_1,157,Object157,2256,608,0,0,0
course/H07_1.bin,H07_1,157,Object157,2192,672,0,0,0
course/H07_1.bin,H07_1,68,Object68,2768,736,0,2050,0
course/H07_1.bin,H07_1,158,Object158,3056,592,0,0,0
course/H07_1.bin,H07_1,235,Object235,3360,688,0,512,0
course/H07_1.bin,H07_1,209,Object209,3408,608,0,0,0
course/H07_1.bin,H07_1,189,Object189,3888,720,0,5,0
course/H07_1.bin,H07_1,150,Object150,272,640,0,32,0
course/H07_1.bin,H07_1,68,Object68,2688,736,0,2050,0
course/H07_1.bin,H07_1,150,Object150,2400,640,0,32,0
course/H07_1.bin,H07_1,149,Object149,2624,688,0,1,0
course/H07_1.bin,H07_1,149,Object149,2592,592,0,1,0
course/H07_1.bin,H07_1,149,Object149,2528,720,0,1,0
course/H07_1.bin,H07_1,149,Object149,2704,672,0,1,0
course/H07_1.bin,H07_1,57,Object57,2528,672,0,0,0
course/H07_1.bin,H07_1,57,Object57,2512,656,0,0,0
course/H07_1.bin,H07_1,57,Object57,2528,624,0,0,0
course/H07_1.bin,H07_1,57,Object57,2544,608,0,0,0
course/H07_1.bin,H07_1,57,Object57,2512,576,0,0,0
course/H07_1.bin,H07_1,57,Object57,2592,560,0,0,0
course/H07_1.bin,H07_1,57,Object57,2608,560,0,0,0
course/H07_1.bin,H07_1,150,Object150,2592,656,0,16,0
course/H07_1.bin,H07_1,149,Object149,2784,656,0,1,0
course/H07_1.bin,H07_1,57,Object57,2528,592,0,0,0
course/H07_1.bin,H07_1,57,Object57,1552,592,0,0,0
course/H07_1.bin,H07_1,57,Object57,1568,592,0,0,0
course/H07_1.bin,H07_1,57,Object57,1360,624,0,0,0
course/H07_1.bin,H07_1,57,Object57,1376,624,0,0,0
course/H07_1.bin,H07_1,57,Object57,1408,624,0,0,0
course/H07_1.bin,H07_1,57,Object57,1424,624,0,0,0
course/H07_1.bin,H07_1,57,Object57,1360,672,0,0,0
course/H07_1.bin,H07_1,57,Object57,1376,672,0,0,0
course/H07_1.bin,H07_1,57,Object57,1520,640,0,0,0
course/H07_1.bin,H07_1,57,Object57,1536,640,0,0,0
course/H07_1.bin,H07_1,57,Object57,1600,704,0,0,0
course/H07_1.bin,H07_1,57,Object57,1616,704,0,0,0
course/H07_1.bin,H07_1,117,Object117,160,592,0,0,0
course/H07_1.bin,H07_1,22,,112,624,0,0,0
course/H07_1.bin,H07_1,132,Object132,1872,640,0,0,0
course/H07_1.bin,H07_1,45,Object45,736,656,0,0,0
course/H07_1.bin,H07_1,45,Object45,2304,624,0,4096,0
course/H07_1.bin,H07_1,117,Object117,1952,640,0,16,0
course/H07_1.bin,H07_1,22,,2288,608,0,16,0
course/H07_1.bin,H07_1,106,FireSnake,4208,464,17,0,0
course/H07_1.bin,H07_1,106,FireSnake,4624,544,17,0,0
course/H07_1.bin,H07_1,106,FireSnake,4320,480,17,0,0
course/H07_1.bin,H07_1,106,FireSnake,4432,544,17,0,0
course/H07_1.bin,H07_1,106,FireSnake,4080,528,17,0,0
course/H07_1.bin,H07_1,106,FireSnake,4000,608,17,0,0
course/H07_1.bin,H07_1,106,FireSnake,3808,608,17,0,0
course/H07_1.bin,H07_1,106,FireSnake,3856,656,17,0,0
course/H07_1.bin,H07_1,34,,3680,640,17,0,0
course/H07_1.bin,H07_1,68,Object68,3024,736,0,2052,0
course/H07_1.bin,H07_1,68,Object68,2944,736,0,2050,0
course/H07_1.bin,H07_1,158,Object158,3760,640,0,0,0
course/H07_1.bin,H07_1,57,Object57,1296,576,0,0,0
course/H07_1.bin,H07_1,57,Object57,1312,576,0,0,0
course/H07_1.bin,H07_1,150,Object150,4800,512,0,16,0
course/H07_1.bin,H07_1,150,Object150,4720,576,0,16,0
course/H07_1.bin,H07_1,198,Object198,4224,608,0,0,0
course/H07_1.bin,H07_1,199,Object199,5104,608,0,0,0
course/H07_1.bin,H07_1,198,Object198,4656,432,0,0,4096
course/H07_1.bin,H07_1,199,Object199,5104,432,0,0,4096
course/H08_1.bin,H08_1,254,SpinBlock,1008,384,0,1,0
course/H08_1.bin,H08_1,254,SpinBlock,848,400,0,1,0
course/H08_1.bin,H08_1,235,Object235,352,288,0,0,0
course/H08_1.bin,H08_1,254,SpinBlock,1536,448,0,1,0
course/H08_1.bin,H08_1,254,SpinBlock,1664,448,0,1,0
course/H08_1.bin,H08_1,254,SpinBlock,1776,448,0,1,0
course/H08_1.bin,H08_1,254,SpinBlock,1872,416,0,1,0
course/H08_1.bin,H08_1,254,SpinBlock,1968,416,0,1,0
course/H08_1.bin,H08_1,235,Object235,2528,352,0,512,0
course/H08_1.bin,H08_1,254,SpinBlock,2704,448,0,1,0
course/H08_1.bin,H08_1,254,SpinBlock,2384,432,0,1,0
course/H08_1.bin,H08_1,254,SpinBlock,2464,432,0,1,0
course/H08_1.bin,H08_1,254,SpinBlock,352,448,0,1,0
course/H08_1.bin,H08_1,32,,3664,432,0,0,0
course/H08_1.bin,H08_1,254,SpinBlock,2304,432,0,1,0
course/H08_1.bin,H08_1,254,SpinBlock,608,448,0,1,0
course/H08_1.bin,H08_1,254,SpinBlock,1264,448,0,1,0
course/H08_1.bin,H08_1,254,SpinBlock,3056,384,0,1,0
course/H08_1.bin,H08_1,254,SpinBlock,3200,384,0,1,0
course/H08_1.bin,H08_1,254,SpinBlock,2896,400,0,1,0
course/H08_1.bin,H08_1,254,SpinBlock,2576,448,0,1,0
course/H08_1.bin,H08_1,254,SpinBlock,3328,384,0,1,0
course/H08_1.bin,H08_1,254,SpinBlock,3440,384,0,1,0
course/H08_1.bin,H08_1,254,SpinBlock,3536,384,0,1,0
course/H08_1.bin,H08_1,22,,192,448,0,0,0
course/H08_1.bin,H08_1,117,Object117,256,384,0,0,0
course/H08_1.bin,H08_1,132,Object132,2176,368,0,0,0
course/H08_1.bin,H08_1,318,Object318,16,288,0,21780,2320
course/H08_1.bin,H08_1,319,,32,288,0,34854,26902
course/H08_1.bin,H08_1,320,,48,288,0,43608,35113
course/H08_1.bin,H08_1,117,Object117,2320,368,0,17,0
course/H08_1.bin,H08_1,22,,2256,432,0,17,0
course/H08_2.bin,H08_2,235,Object235,240,400,0,256,0
course/H09_1.bin,H09_1,297,,816,2992,0,3612,17
course/H09_1.bin,H09_1,53,Object53,832,2912,0,0,0
course/H09_1.bin,H09_1,72,Object72,608,2864,0,2052,0
course/H09_1.bin,H09_1,297,,624,2736,0,3614,1
course/H09_1.bin,H09_1,72,Object72,704,2384,0,1027,257
course/H09_1.bin,H09_1,72,Object72,704,2432,0,1027,256
course/H09_1.bin,H09_1,72,Object72,624,2624,0,1539,0
course/H09_1.bin,H09_1,72,Object72,784,2544,0,1539,0
course/H09_1.bin,H09_1,297,,752,2208,0,11807,1
course/H09_1.bin,H09_1,297,,608,2096,0,3615,1
course/H09_1.bin,H09_1,297,,480,1984,0,2335,273
course/H09_1.bin,H09_1,219,Object219,592,1920,0,0,0
course/H09_1.bin,H09_1,219,Object219,656,1888,0,0,0
course/H09_1.bin,H09_1,235,Object235,592,1792,0,256,0
course/H09_1.bin,H09_1,297,,432,1840,0,2079,1
course/H09_1.bin,H09_1,71,Object71,832,1808,0,9219,1
course/H09_1.bin,H09_1,33,,800,1520,0,0,0
course/H09_1.bin,H09_1,290,,896,1344,0,0,0
course/H09_1.bin,H09_1,297,,640,1424,0,6431,1
course/H09_1.bin,H09_1,235,Object235,688,1216,0,512,0
course/H09_1.bin,H09_1,235,Object235,528,2768,0,0,0
course/H09_1.bin,H09_1,53,Object53,544,2656,0,0,0
course/H09_1.bin,H09_1,53,Object53,736,2352,0,0,0
course/H09_1.bin,H09_1,53,Object53,784,2048,0,0,0
course/H09_1.bin,H09_1,53,Object53,752,1520,0,0,0
course/H09_1.bin,H09_1,53,Object53,544,1392,0,0,0
course/H09_1.bin,H09_1,53,Object53,592,1392,0,0,0
course/H09_1.bin,H09_1,53,Object53,784,1776,0,0,0
course/H09_1.bin,H09_1,131,Object131,880,1776,0,0,0
course/H09_1.bin,H09_1,117,Object117,752,2928,0,0,0
course/H09_1.bin,H09_1,22,,848,2912,0,0,0
course/H09_1.bin,H09_1,117,Object117,848,1744,0,8208,0
course/H09_1.bin,H09_1,22,,880,1792,0,16,0
course/H09_1.bin,H09_1,298,,528,1664,0,16946,4098
course/H09_1.bin,H09_1,298,,704,1616,0,49714,4128
course/H09_2.bin,H09_2,220,Object220,416,416,0,49,1
course/H09_2.bin,H09_2,72,Object72,240,432,0,4612,257
course/H09_2.bin,H09_2,72,Object72,480,432,0,4612,257
course/H09_2.bin,H09_2,118,Object118,304,496,0,2,0
course/H09_2.bin,H09_2,118,Object118,448,496,0,2,0
course/H10_1.bin,H10_1,299,,512,3040,0,20480,4096
course/H10_1.bin,H10_1,102,Object102,528,1376,0,4115,3
course/H10_1.bin,H10_1,102,Object102,448,1600,0,1,2
course/H10_1.bin,H10_1,102,Object102,752,1808,0,4115,1
course/H10_1.bin,H10_1,235,Object235,672,2384,0,0,0
course/H10_1.bin,H10_1,56,Object56,768,2912,0,275,0
course/H10_1.bin,H10_1,56,Object56,688,2688,0,259,0
course/H10_1.bin,H10_1,56,Object56,864,2784,0,261,0
course/H10_1.bin,H10_1,56,Object56,688,2576,0,259,0
course/H10_1.bin,H10_1,56,Object56,784,2576,0,260,0
course/H10_1.bin,H10_1,56,Object56,880,2576,0,4355,0
course/H10_1.bin,H10_1,235,Object235,592,1344,0,512,0
course/H10_1.bin,H10_1,235,Object235,752,1920,0,256,0
course/H10_1.bin,H10_1,168,Object168,752,1904,1,0,255
course/H10_1.bin,H10_1,56,Object56,560,2048,0,4,0
course/H10_1.bin,H10_1,56,Object56,704,1968,0,259,0
course/H10_1.bin,H10_1,56,Object56,816,1968,0,259,0
course/H10_1.bin,H10_1,56,Object56,912,1968,0,258,0
course/H10_1.bin,H10_1,56,Object56,912,2048,0,4354,0
course/H10_1.bin,H10_1,299,,608,2320,0,20736,4142
course/H10_1.bin,H10_1,131,Object131,752,2304,0,0,0
course/H10_1.bin,H10_1,276,Object276,512,2976,0,0,8192
course/H10_1.bin,H10_1,276,Object276,512,2896,0,2049,0
course/H10_1.bin,H10_1,117,Object117,544,2224,0,8208,0
course/H10_1.bin,H10_1,22,,640,2304,0,16,0
course/H10_1.bin,H10_1,46,FireSnake,960,2016,0,1,0
course/H10_1.bin,H10_1,46,FireSnake,560,1760,0,2,0
course/H10_1.bin,H10_1,46,FireSnake,704,1472,0,3,0
course/H10_1.bin,H10_1,117,Object117,384,3008,0,4096,0
course/H10_1.bin,H10_1,22,,464,3040,0,0,0
course/H10_1.bin,H10_1,34,,640,2160,41,0,0
course/H10_1.bin,H10_1,106,FireSnake,608,2144,41,0,0
course/H10_1.bin,H10_1,106,FireSnake,752,2160,41,0,0
course/H10_1.bin,H10_1,106,FireSnake,608,2192,41,0,0
course/H10_1.bin,H10_1,106,FireSnake,944,2128,41,0,0
course/H10_1.bin,H10_1,106,FireSnake,688,2176,41,0,0
course/H10_1.bin,H10_1,106,FireSnake,896,2160,41,0,0
course/H10_1.bin,H10_1,106,FireSnake,816,2144,41,0,0
course/H10_1.bin,H10_1,106,FireSnake,576,2160,41,0,0
course/H10_1.bin,H10_1,318,Object318,512,1024,0,21780,6416
course/H10_1.bin,H10_1,319,,528,1024,0,34854,30998
course/H10_1.bin,H10_1,320,,544,1024,0,43608,39209
course/H10_2.bin,H10_2,220,Object220,416,448,0,49,0
course/H10_2.bin,H10_2,234,Object234,256,496,0,0,0
course/H10_2.bin,H10_2,318,Object318,256,320,0,21780,6416
course/H10_2.bin,H10_2,319,,272,320,0,34854,30998
course/H10_2.bin,H10_2,320,,288,320,0,43608,39209
course/H10_2.bin,H10_2,54,Object54,288,416,0,0,0
course/H10_2.bin,H10_2,54,Object54,464,416,0,0,0
course/H11_1.bin,H11_1,234,Object234,256,480,0,0,31
course/H11_1.bin,H11_1,152,Object152,416,384,1,0,0
course/H11_1.bin,H11_1,91,Object91,496,448,1,0,61456
course/H11_1.bin,H11_1,152,Object152,848,368,1,0,0
course/H11_1.bin,H11_1,91,Object91,928,384,2,0,4112
course/H11_1.bin,H11_1,167,Object166,288,400,258,33,0
course/H11_1.bin,H11_1,54,Object54,1104,416,0,0,0
course/H11_1.bin,H11_1,91,Object91,1312,400,2,0,61456
course/H11_1.bin,H11_1,235,Object235,1328,416,0,256,0
course/H11_1.bin,H11_1,152,Object152,1536,336,1,0,0
course/H11_1.bin,H11_1,91,Object91,1632,368,2,0,4112
course/H11_1.bin,H11_1,91,Object91,1776,352,2,0,4112
course/H11_1.bin,H11_1,54,Object54,1776,400,0,0,0
course/H11_1.bin,H11_1,235,Object235,416,304,0,0,0
course/H11_1.bin,H11_1,91,Object91,656,352,2,0,4113
course/H11_1.bin,H11_1,91,Object91,1632,432,1,0,61712
course/H11_1.bin,H11_1,173,Object173,2112,320,0,98,256
course/H11_1.bin,H11_1,86,Object86,2432,432,0,256,0
course/H11_1.bin,H11_1,86,Object86,2528,432,0,256,1
course/H11_1.bin,H11_1,54,Object54,2480,400,0,0,0
course/H11_1.bin,H11_1,82,Object82,2640,448,0,256,0
course/H11_1.bin,H11_1,82,Object82,2704,448,0,256,1
course/H11_1.bin,H11_1,54,Object54,2592,416,0,0,0
course/H11_1.bin,H11_1,54,Object54,2736,384,0,0,0
course/H11_1.bin,H11_1,82,Object82,3296,464,0,256,1
course/H11_1.bin,H11_1,82,Object82,3376,480,0,256,1
course/H11_1.bin,H11_1,82,Object82,3456,496,0,256,1
course/H11_1.bin,H11_1,235,Object235,3440,400,0,528,16
course/H11_1.bin,H11_1,82,Object82,2768,448,0,256,0
course/H11_1.bin,H11_1,173,Object173,2880,320,0,99,256
course/H11_1.bin,H11_1,54,Object54,2976,368,0,0,0
course/H11_1.bin,H11_1,91,Object91,2976,448,1,0,61456
course/H11_1.bin,H11_1,276,Object276,3168,400,0,96,0
course/H11_1.bin,H11_1,91,Object91,1232,432,1,0,61456
course/H11_1.bin,H11_1,167,Object166,3232,384,769,1,0
course/H11_1.bin,H11_1,91,Object91,3024,448,3,0,61440
course/H11_1.bin,H11_1,168,Object168,3376,368,3,16,255
course/H11_1.bin,H11_1,132,Object132,2288,400,0,0,0
course/H11_1.bin,H11_1,152,Object152,80,352,1,0,0
course/H11_1.bin,H11_1,91,Object91,160,448,1,0,61456
course/H11_1.bin,H11_1,91,Object91,160,384,2,0,4112
course/H11_1.bin,H11_1,54,Object54,2080,432,0,0,0
course/H11_1.bin,H11_1,54,Object54,1328,384,0,0,0
course/H11_1.bin,H11_1,91,Object91,1312,352,1,0,4112
course/H11_1.bin,H11_1,91,Object91,928,432,1,0,61456
course/H11_1.bin,H11_1,152,Object152,1168,336,1,0,0
course/H11_1.bin,H11_1,318,Object318,0,464,0,21780,6416
course/H11_1.bin,H11_1,319,,16,464,0,34854,30998
course/H11_1.bin,H11_1,320,,32,464,0,43608,39209
course/H11_1.bin,H11_1,53,Object53,864,416,0,0,0
course/H11_1.bin,H11_1,53,Object53,1232,448,0,0,0
course/H11_2.bin,H11_2,41,Object41,992,416,22,16,16
course/H11_2.bin,H11_2,39,Object39,944,432,58,7,0
course/H11_2.bin,H11_2,63,Object63,928,272,5690,0,0
course/H11_2.bin,H11_2,280,Object280,512,304,0,65328,255
course/H12_1.bin,H12_1,234,Object234,0,240,0,0,31
course/H12_1.bin,H12_1,54,Object54,224,160,0,0,0
course/H12_1.bin,H12_1,54,Object54,320,160,0,0,0
course/H12_1.bin,H12_1,54,Object54,400,160,0,0,0
course/H12_1.bin,H12_1,54,Object54,496,144,0,0,0
course/H12_1.bin,H12_1,54,Object54,576,144,0,0,0
course/H12_1.bin,H12_1,194,Object194,1920,1712,0,0,0
course/H12_1.bin,H12_1,54,Object54,608,144,0,0,0
course/H12_1.bin,H12_1,54,Object54,640,144,0,0,0
course/H12_1.bin,H12_1,54,Object54,672,144,0,0,0
course/H12_1.bin,H12_1,54,Object54,752,144,0,0,0
course/H12_1.bin,H12_1,54,Object54,896,144,0,0,0
course/H12_1.bin,H12_1,291,,256,672,36,0,4112
course/H12_1.bin,H12_1,276,Object276,128,752,0,193,0
course/H12_1.bin,H12_1,276,Object276,368,752,0,192,0
course/H12_1.bin,H12_1,118,Object118,1568,128,0,2,0
course/H12_1.bin,H12_1,118,Object118,1520,192,0,1,0
course/H12_1.bin,H12_1,118,Object118,1888,80,0,3,0
course/H12_1.bin,H12_1,118,Object118,1968,80,0,3,0
course/H12_1.bin,H12_1,118,Object118,2016,176,0,0,0
course/H12_1.bin,H12_1,118,Object118,2160,208,0,2,0
course/H12_1.bin,H12_1,118,Object118,2336,176,0,2,0
course/H12_1.bin,H12_1,114,Object114,1392,112,0,0,0
course/H12_1.bin,H12_1,118,Object118,1712,64,0,1,0
course/H12_1.bin,H12_1,114,Object114,1760,112,0,0,0
course/H12_1.bin,H12_1,114,Object114,1680,208,0,2,0
course/H12_1.bin,H12_1,118,Object118,2192,672,0,2,0
course/H12_1.bin,H12_1,118,Object118,2112,672,0,2,0
course/H12_1.bin,H12_1,114,Object114,2688,640,0,1,0
course/H12_1.bin,H12_1,114,Object114,2320,640,0,1,0
course/H12_1.bin,H12_1,118,Object118,2560,560,0,0,0
course/H12_1.bin,H12_1,118,Object118,2064,576,0,1,0
course/H12_1.bin,H12_1,118,Object118,1920,544,0,3,0
course/H12_1.bin,H12_1,118,Object118,2368,688,0,0,0
course/H12_1.bin,H12_1,118,Object118,2512,624,0,3,0
course/H12_1.bin,H12_1,118,Object118,1744,576,0,3,0
course/H12_1.bin,H12_1,114,Object114,2400,544,0,3,0
course/H12_1.bin,H12_1,36,Object36,128,1616,0,0,0
course/H12_1.bin,H12_1,68,Object68,1520,656,1,1283,4096
course/H12_1.bin,H12_1,291,,1696,672,1,0,4112
course/H12_1.bin,H12_1,53,Object53,2320,736,0,0,0
course/H12_1.bin,H12_1,53,Object53,1808,80,0,0,0
course/H12_1.bin,H12_1,291,,2032,1792,37,0,4112
course/H12_1.bin,H12_1,36,Object36,224,1600,0,0,0
course/H12_1.bin,H12_1,36,Object36,304,1568,0,0,0
course/H12_1.bin,H12_1,68,Object68,2512,176,1,1283,4096
course/H12_1.bin,H12_1,291,,256,1776,38,0,4112
course/H12_1.bin,H12_1,235,Object235,32,1632,0,0,0
course/H12_1.bin,H12_1,53,Object53,448,1648,0,0,0
course/H12_1.bin,H12_1,291,,2384,80,1,0,4112
course/H12_1.bin,H12_1,235,Object235,1696,1232,0,256,0
course/H12_1.bin,H12_1,318,Object318,0,192,0,21780,6416
course/H12_1.bin,H12_1,319,,16,192,0,34854,30998
course/H12_1.bin,H12_1,320,,32,192,0,43608,39209
course/H12_2.bin,H12_2,234,Object234,0,496,0,0,31
course/H12_2.bin,H12_2,54,Object54,192,400,0,0,0
course/H12_2.bin,H12_2,305,Object305,400,496,0,61952,0
course/H12_2.bin,H12_2,306,Object306,672,416,0,48,0
course/H12_2.bin,H12_2,306,Object306,672,368,0,48,0
course/H12_2.bin,H12_2,56,Object56,1136,368,0,260,0
course/H12_2.bin,H12_2,305,Object305,1104,496,0,62465,0
course/H12_2.bin,H12_2,306,Object306,1488,480,0,81,0
course/H12_2.bin,H12_2,306,Object306,1840,480,0,65,0
course/H12_2.bin,H12_2,306,Object306,1840,368,0,49,0
course/H12_2.bin,H12_2,235,Object235,2224,448,0,512,0
course/H12_2.bin,H12_2,132,Object132,112,400,0,0,0
course/H12_2.bin,H12_2,318,Object318,0,256,0,34068,6416
course/H12_2.bin,H12_2,319,,16,256,0,34854,30998
course/H12_2.bin,H12_2,320,,32,256,0,35416,39209
course/H12_2.bin,H12_2,280,Object280,80,256,0,65296,255
course/H12_2.bin,H12_2,56,Object56,2160,368,0,260,0
course/H12_3.bin,H12_3,41,Object41,848,400,2,1,0
course/H12_3.bin,H12_3,280,Object280,320,272,0,65328,255
course/H12_3.bin,H12_3,29,Object29,832,288,0,0,0
course/H12_3.bin,H12_3,35,Object35,816,400,0,0,0
course/I01_1.bin,I01_1,302,Object302,288,432,0,16,0
course/I01_1.bin,I01_1,302,Object302,320,432,0,17,0
course/I01_1.bin,I01_1,302,Object302,352,432,0,18,0
course/I01_1.bin,I01_1,302,Object302,384,432,0,19,0
course/I01_1.bin,I01_1,302,Object302,416,432,0,20,0
course/I01_1.bin,I01_1,302,Object302,448,432,0,21,0
course/I01_1.bin,I01_1,301,Object301,480,480,0,0,0
course/I02_1.bin,I02_1,301,Object301,480,480,0,2,0
course/I03_1.bin,I03_1,301,Object301,480,480,0,3,0
course/I04_1.bin,I04_1,302,Object302,272,416,0,16,4096
course/I04_1.bin,I04_1,302,Object302,320,416,0,17,4096
course/I04_1.bin,I04_1,302,Object302,368,416,0,18,4096
course/I04_1.bin,I04_1,302,Object302,416,416,0,19,4096
course/I04_1.bin,I04_1,302,Object302,464,416,0,20,4096
course/I04_1.bin,I04_1,301,Object301,480,480,0,4,0
course/J01_1.bin,J01_1,148,Object148,208,256,0,0,0
course/J01_1.bin,J01_1,148,Object148,336,256,0,0,0
course/J01_1.bin,J01_1,148,Object148,672,128,0,0,0
course/J01_1.bin,J01_1,149,Object149,672,256,0,0,0
course/J01_1.bin,J01_1,210,Object210,128,160,0,1,0
course/J01_1.bin,J01_1,210,Object210,768,128,0,2,0
course/J01_1.bin,J01_1,210,Object210,512,224,0,3,0
course/J01_1.bin,J01_1,210,Object210,864,128,0,4,0
course/J01_1.bin,J01_1,210,Object210,944,144,0,5,0
course/J01_1.bin,J01_1,210,Object210,400,160,0,6,0
course/J01_1.bin,J01_1,210,Object210,32,160,0,7,0
course/J01_1.bin,J01_1,210,Object210,864,240,0,8,0
course/J01_1.bin,J01_1,210,Object210,688,176,0,9,0
course/J01_1.bin,J01_1,210,Object210,352,224,0,0,0
course/J01_1.bin,J01_1,195,Object195,0,272,0,0,0
course/J01_1.bin,J01_1,196,Object196,1008,272,0,0,0
course/J01_1.bin,J01_1,45,Object45,832,208,0,4384,0
course/J02_1.bin,J02_1,210,Object210,32,288,0,1,0
course/J02_1.bin,J02_1,210,Object210,368,144,0,2,0
course/J02_1.bin,J02_1,210,Object210,272,288,0,3,0
course/J02_1.bin,J02_1,210,Object210,368,224,0,4,0
course/J02_1.bin,J02_1,210,Object210,32,224,0,5,0
course/J02_1.bin,J02_1,210,Object210,144,208,0,6,0
course/J02_1.bin,J02_1,210,Object210,32,160,0,7,0
course/J02_1.bin,J02_1,149,Object149,32,192,0,1,0
course/J02_1.bin,J02_1,196,Object196,496,304,0,12,0
course/J02_1.bin,J02_1,195,Object195,0,304,0,12,0
course/J02_1.bin,J02_1,210,Object210,176,288,0,8,0
course/J02_1.bin,J02_1,80,Object80,448,368,0,0,4096
course/J02_1.bin,J02_1,148,Object148,224,304,0,0,0
course/J03_1.bin,J03_1,210,Object210,736,368,0,1,0
course/J03_1.bin,J03_1,210,Object210,736,160,0,2,0
course/J03_1.bin,J03_1,210,Object210,1520,336,0,3,0
course/J03_1.bin,J03_1,210,Object210,1168,96,0,4,0
course/J03_1.bin,J03_1,210,Object210,1856,304,0,5,0
course/J03_1.bin,J03_1,210,Object210,320,208,0,6,0
course/J03_1.bin,J03_1,210,Object210,48,304,0,7,0
course/J03_1.bin,J03_1,210,Object210,512,304,0,8,0
course/J03_1.bin,J03_1,149,Object149,624,256,0,3,0
course/J03_1.bin,J03_1,27,Object27,848,304,0,0,0
course/J03_1.bin,J03_1,27,Object27,320,320,0,0,0
course/J03_1.bin,J03_1,95,Object95,1104,336,0,0,0
course/J03_1.bin,J03_1,149,Object149,1376,400,0,1,0
course/J04_1.bin,J04_1,210,Object210,256,336,0,1,0
course/J04_1.bin,J04_1,210,Object210,512,304,0,2,0
course/J04_1.bin,J04_1,210,Object210,112,288,0,3,0
course/J04_1.bin,J04_1,210,Object210,784,272,0,4,0
course/J04_1.bin,J04_1,210,Object210,576,304,0,5,0
course/J04_1.bin,J04_1,210,Object210,416,288,0,6,0
course/J04_1.bin,J04_1,210,Object210,928,368,0,7,0
course/J04_1.bin,J04_1,210,Object210,832,368,0,8,0
course/J04_1.bin,J04_1,23,Object23,896,320,0,0,0
course/J04_1.bin,J04_1,24,Object24,400,688,0,0,0
course/J04_1.bin,J04_1,23,Object23,576,384,0,0,0
course/J05_1.bin,J05_1,210,Object210,208,144,0,1,0
course/J05_1.bin,J05_1,210,Object210,832,144,0,2,0
course/J05_1.bin,J05_1,210,Object210,432,128,0,3,0
course/J05_1.bin,J05_1,210,Object210,736,176,0,4,0
course/J05_1.bin,J05_1,210,Object210,656,240,0,5,0
course/J05_1.bin,J05_1,210,Object210,864,256,0,6,0
course/J05_1.bin,J05_1,210,Object210,32,160,0,7,0
course/J05_1.bin,J05_1,210,Object210,528,160,0,8,0
course/J05_1.bin,J05_1,210,Object210,416,240,0,9,0
course/J05_1.bin,J05_1,195,Object195,0,288,0,0,0
course/J05_1.bin,J05_1,196,Object196,1008,288,0,0,0
course/J05_1.bin,J05_1,298,,512,96,0,24703,8197
course/J05_1.bin,J05_1,298,,768,96,0,24703,8197
course/J05_1.bin,J05_1,298,,256,96,0,24703,8197
course/J05_1.bin,J05_1,298,,0,96,0,24703,8197
course/J05_1.bin,J05_1,28,Object28,240,240,0,0,0
course/J05_1.bin,J05_1,298,,864,288,0,24689,5
course/J05_1.bin,J05_1,28,Object28,640,256,0,0,0
course/J06_1.bin,J06_1,210,Object210,656,400,0,3,0
course/J06_1.bin,J06_1,210,Object210,16,128,0,5,0
course/J06_1.bin,J06_1,210,Object210,960,432,0,5,0
course/J06_1.bin,J06_1,210,Object210,656,80,0,4,0
course/J06_1.bin,J06_1,210,Object210,1152,240,0,1,0
course/J06_1.bin,J06_1,210,Object210,576,224,0,1,0
course/J06_1.bin,J06_1,210,Object210,1168,384,0,3,0
course/J06_1.bin,J06_1,210,Object210,528,368,0,3,0
course/J06_1.bin,J06_1,210,Object210,960,240,0,4,0
course/J06_1.bin,J06_1,210,Object210,288,128,0,2,0
course/J06_1.bin,J06_1,210,Object210,32,416,0,4,0
course/J06_1.bin,J06_1,210,Object210,864,176,0,3,0
course/J06_1.bin,J06_1,210,Object210,1456,208,0,2,0
course/J06_1.bin,J06_1,210,Object210,1488,352,0,2,0
course/J06_1.bin,J06_1,210,Object210,768,320,0,1,0
course/J06_1.bin,J06_1,210,Object210,400,400,0,5,0
course/J06_1.bin,J06_1,91,Object91,1216,368,0,6,0
course/J06_1.bin,J06_1,162,Object162,1168,400,0,16899,3
course/J06_1.bin,J06_1,162,Object162,864,336,0,13062,35
course/J06_1.bin,J06_1,162,Object162,592,272,0,8197,35
course/J06_1.bin,J06_1,91,Object91,1312,352,0,2,0
course/J06_1.bin,J06_1,76,Object76,400,160,0,1622,0
course/J06_1.bin,J06_1,148,Object148,1440,480,0,0,0
course/J06_1.bin,J06_1,148,Object148,1488,480,0,0,0
course/J06_1.bin,J06_1,150,Object150,1280,288,0,32,0
course/J06_1.bin,J06_1,150,Object150,1296,432,0,32,0
course/J06_1.bin,J06_1,149,Object149,912,432,0,1,0
course/J06_1.bin,J06_1,148,Object148,736,384,0,0,0
course/J06_1.bin,J06_1,148,Object148,784,384,0,0,0
course/J06_1.bin,J06_1,162,Object162,528,496,0,4098,98
course/J06_1.bin,J06_1,148,Object148,384,464,0,0,0
course/J06_1.bin,J06_1,148,Object148,416,464,0,0,0
course/J06_1.bin,J06_1,150,Object150,432,240,0,33,0
course/J06_1.bin,J06_1,150,Object150,1504,272,0,0,0
course/J07_1.bin,J07_1,127,Object127,176,384,0,0,0
course/J07_1.bin,J07_1,210,Object210,496,656,0,3,0
course/J07_1.bin,J07_1,54,Object54,592,640,0,0,0
course/J07_1.bin,J07_1,54,Object54,416,640,0,0,0
course/J07_1.bin,J07_1,54,Object54,544,656,0,0,0
course/J07_1.bin,J07_1,54,Object54,464,656,0,0,0
course/J07_1.bin,J07_1,147,Object147,912,368,0,10,0
course/J07_1.bin,J07_1,147,Object147,832,416,0,4,0
course/J07_1.bin,J07_1,147,Object147,928,416,0,4,0
course/J07_1.bin,J07_1,52,Object52,944,480,0,0,0
course/J07_1.bin,J07_1,52,Object52,768,528,0,0,0
course/J07_1.bin,J07_1,52,Object52,848,624,0,0,0
course/J07_1.bin,J07_1,52,Object52,944,528,0,0,0
course/J07_1.bin,J07_1,147,Object147,800,320,0,5,0
course/J07_1.bin,J07_1,52,Object52,736,304,0,0,0
course/J07_1.bin,J07_1,147,Object147,784,464,0,4,0
course/J07_1.bin,J07_1,210,Object210,960,336,0,2,0
course/J07_1.bin,J07_1,64,Object64,496,160,0,1,0
course/J07_1.bin,J07_1,210,Object210,496,96,0,3,0
course/J07_1.bin,J07_1,210,Object210,160,368,0,2,0
course/J07_1.bin,J07_1,33,,496,448,0,1,0
course/J07_1.bin,J07_1,0,,0,0,0,0,0
course/J07_1.bin,J07_1,95,Object95,144,528,0,0,0
course/J07_1.bin,J07_1,95,Object95,800,256,0,0,0
course/J07_1.bin,J07_1,210,Object210,496,224,0,1,0
course/J07_1.bin,J07_1,0,,0,0,0,0,0
course/J07_1.bin,J07_1,53,Object53,224,656,0,0,0
course/J07_1.bin,J07_1,0,,0,0,0,0,0
course/J07_1.bin,J07_1,0,,0,0,0,0,0
course/J07_1.bin,J07_1,180,Object180,208,496,0,0,0
course/J07_1.bin,J07_1,210,Object210,288,496,0,4,0
course/J07_1.bin,J07_1,210,Object210,656,624,0,3,0
course/J07_1.bin,J07_1,210,Object210,336,624,0,5,0
course/J07_1.bin,J07_1,210,Object210,640,384,0,5,0
course/J07_1.bin,J07_1,210,Object210,176,144,0,1,0
course/J07_1.bin,J07_1,210,Object210,352,384,0,5,0
course/J07_1.bin,J07_1,57,Object57,352,240,0,0,0
course/J07_1.bin,J07_1,53,Object53,128,592,0,0,0
course/J07_1.bin,J07_1,57,Object57,144,224,0,0,0
course/J07_1.bin,J07_1,57,Object57,160,224,0,0,0
course/J07_1.bin,J07_1,57,Object57,176,224,0,0,0
course/J07_1.bin,J07_1,57,Object57,272,336,0,0,0
course/J07_1.bin,J07_1,57,Object57,288,336,0,0,0
course/J07_1.bin,J07_1,57,Object57,304,336,0,0,0
course/J07_1.bin,J07_1,57,Object57,32,336,0,0,0
course/J07_1.bin,J07_1,57,Object57,48,336,0,0,0
course/J07_1.bin,J07_1,57,Object57,64,336,0,0,0
course/J07_1.bin,J07_1,210,Object210,928,512,0,4,0
course/J07_1.bin,J07_1,57,Object57,192,224,0,0,0
course/J07_1.bin,J07_1,57,Object57,80,336,0,0,0
course/J07_1.bin,J07_1,57,Object57,96,336,0,0,0
course/J07_1.bin,J07_1,57,Object57,256,336,0,0,0
course/J07_1.bin,J07_1,57,Object57,240,336,0,0,0
course/J07_1.bin,J07_1,57,Object57,208,224,0,0,0
course/J07_1.bin,J07_1,57,Object57,1072,352,0,0,0
course/J07_1.bin,J07_1,223,Object223,224,560,0,0,0
course/J08_1.bin,J08_1,148,Object148,336,464,0,0,0
course/J08_1.bin,J08_1,148,Object148,384,464,0,0,0
course/J08_1.bin,J08_1,148,Object148,736,464,0,0,0
course/J08_1.bin,J08_1,148,Object148,880,464,0,0,0
course/J08_1.bin,J08_1,149,Object149,688,464,0,0,0
course/J08_1.bin,J08_1,149,Object149,1088,384,0,1,0
course/J08_1.bin,J08_1,150,Object150,1840,464,0,0,0
course/J08_1.bin,J08_1,150,Object150,2032,368,0,32,0
course/J08_1.bin,J08_1,150,Object150,2112,304,0,32,0
course/J08_1.bin,J08_1,150,Object150,2272,368,0,32,0
course/J08_1.bin,J08_1,76,Object76,1936,368,0,836,0
course/J08_1.bin,J08_1,76,Object76,2080,336,0,1844,0
course/J08_1.bin,J08_1,76,Object76,2304,336,0,1861,0
course/J08_1.bin,J08_1,23,Object23,592,432,0,0,0
course/J08_1.bin,J08_1,148,Object148,336,1232,0,0,0
course/J08_1.bin,J08_1,148,Object148,528,1232,0,0,0
course/J08_1.bin,J08_1,148,Object148,576,1232,0,0,0
course/J08_1.bin,J08_1,148,Object148,736,1232,0,0,0
course/J08_1.bin,J08_1,148,Object148,896,1232,0,0,0
course/J08_1.bin,J08_1,148,Object148,960,1232,0,0,0
course/J08_1.bin,J08_1,149,Object149,384,1232,0,0,0
course/J08_1.bin,J08_1,149,Object149,688,1232,0,0,0
course/J08_1.bin,J08_1,23,Object23,992,1200,0,1,0
course/J08_1.bin,J08_1,75,Object75,2240,1200,0,0,0
course/J08_1.bin,J08_1,150,Object150,1408,1120,0,16,0
course/J08_1.bin,J08_1,150,Object150,1472,1248,0,16,0
course/J08_1.bin,J08_1,150,Object150,1600,1152,0,16,0
course/J08_1.bin,J08_1,210,Object210,416,320,0,2,0
course/J08_1.bin,J08_1,210,Object210,2208,416,0,3,0
course/J08_1.bin,J08_1,210,Object210,1184,1200,0,3,0
course/J08_1.bin,J08_1,0,,0,0,0,0,0
course/J08_1.bin,J08_1,0,,0,0,0,0,0
course/J08_1.bin,J08_1,0,,0,0,0,0,0
course/J08_1.bin,J08_1,174,Object174,1296,496,0,8712,1024
course/J08_1.bin,J08_1,174,Object174,1536,496,0,8975,1792
course/J08_1.bin,J08_1,174,Object174,1632,496,0,8975,1792
course/J08_1.bin,J08_1,210,Object210,1456,336,0,1,0
course/J08_1.bin,J08_1,210,Object210,672,1200,0,5,0
course/J08_1.bin,J08_1,210,Object210,2208,1072,0,5,0
course/J08_1.bin,J08_1,42,Object42,2032,1216,0,2,0
course/J08_1.bin,J08_1,210,Object210,2016,1232,0,1,0
course/J08_1.bin,J08_1,0,,0,0,0,0,0
course/J08_1.bin,J08_1,0,,0,0,0,0,0
course/J08_1.bin,J08_1,0,,0,0,0,0,0
course/J08_1.bin,J08_1,0,,0,0,0,0,0
course/J08_1.bin,J08_1,0,,0,0,0,0,0
course/J08_1.bin,J08_1,0,,0,0,0,0,0
course/J08_1.bin,J08_1,189,Object189,2544,464,0,1,0
course/J08_1.bin,J08_1,210,Object210,1456,1088,0,3,0
course/J08_1.bin,J08_1,210,Object210,928,1104,0,1,0
course/J08_1.bin,J08_1,210,Object210,32,1168,0,2,0
course/J08_1.bin,J08_1,210,Object210,2208,288,0,4,0
course/J08_1.bin,J08_1,210,Object210,704,304,0,5,0
course/J09_1.bin,J09_1,136,Object136,1232,480,0,2,0
course/J09_1.bin,J09_1,104,Object104,1824,480,0,0,0
course/J09_1.bin,J09_1,136,Object136,2144,480,0,4,0
course/J09_1.bin,J09_1,136,Object136,2784,464,0,4,0
course/J09_1.bin,J09_1,104,Object104,2592,480,0,0,0
course/J09_1.bin,J09_1,32,,4128,320,0,0,0
course/J09_1.bin,J09_1,0,,0,0,0,0,0
course/J09_1.bin,J09_1,0,,0,0,0,0,0
course/J09_1.bin,J09_1,0,,0,0,0,0,0
course/J09_1.bin,J09_1,0,,0,0,0,0,0
course/J09_1.bin,J09_1,147,Object147,80,432,0,6,0
course/J09_1.bin,J09_1,147,Object147,544,368,0,4,0
course/J09_1.bin,J09_1,147,Object147,544,432,0,6,0
course/J09_1.bin,J09_1,147,Object147,864,368,0,3,0
course/J09_1.bin,J09_1,147,Object147,320,432,0,5,0
course/J09_1.bin,J09_1,147,Object147,864,432,0,5,0
course/J09_1.bin,J09_1,147,Object147,1024,352,0,4,0
course/J09_1.bin,J09_1,0,,0,0,0,0,0
course/J09_1.bin,J09_1,0,,0,0,0,0,0
course/J09_1.bin,J09_1,0,,0,0,0,0,0
course/J09_1.bin,J09_1,0,,0,0,0,0,0
course/J09_1.bin,J09_1,0,,0,0,0,0,0
course/J09_1.bin,J09_1,147,Object147,992,400,0,4,0
course/J09_1.bin,J09_1,0,,0,0,0,0,0
course/J09_1.bin,J09_1,147,Object147,704,384,0,4,0
course/J09_1.bin,J09_1,37,Object37,336,416,0,0,0
course/J09_1.bin,J09_1,37,Object37,704,368,0,0,0
course/J09_1.bin,J09_1,0,,0,0,0,0,0
course/J10_1.bin,J10_1,136,Object136,384,480,0,0,0
course/J10_1.bin,J10_1,136,Object136,480,480,0,1,0
course/J10_1.bin,J10_1,136,Object136,1056,480,0,6,0
course/J10_1.bin,J10_1,147,Object147,736,384,0,5,0
course/J10_1.bin,J10_1,147,Object147,640,432,0,6,0
course/J10_1.bin,J10_1,147,Object147,832,432,0,6,0
course/J10_1.bin,J10_1,37,Object37,656,416,0,0,0
course/J10_1.bin,J10_1,37,Object37,736,368,0,0,0
course/J10_1.bin,J10_1,37,Object37,864,400,0,0,0
course/J10_1.bin,J10_1,147,Object147,1360,432,0,6,0
course/J10_1.bin,J10_1,147,Object147,1760,432,0,6,0
course/J10_1.bin,J10_1,147,Object147,1872,384,0,5,0
course/J10_1.bin,J10_1,147,Object147,1984,432,0,6,0
course/J10_1.bin,J10_1,183,Object183,1488,368,0,0,0
course/J10_1.bin,J10_1,37,Object37,1744,480,0,0,0
course/J10_1.bin,J10_1,186,Object186,1408,416,0,0,0
course/J10_1.bin,J10_1,186,Object186,1984,400,0,0,0
course/J10_1.bin,J10_1,104,Object104,1584,1248,0,0,0
course/J10_1.bin,J10_1,136,Object136,1888,1232,0,4,0
course/J10_1.bin,J10_1,104,Object104,2208,1248,0,0,0
course/J10_1.bin,J10_1,136,Object136,2832,1232,0,4,0
course/J10_1.bin,J10_1,104,Object104,2608,1248,0,0,0
course/J10_1.bin,J10_1,0,,0,0,0,0,0
course/J10_1.bin,J10_1,32,,4144,1088,0,0,0
course/J10_1.bin,J10_1,0,,0,0,0,0,0
course/J10_1.bin,J10_1,0,,0,0,0,0,0
course/J10_1.bin,J10_1,0,,0,0,0,0,0
course/J10_1.bin,J10_1,147,Object147,1552,432,0,5,0
course/J10_1.bin,J10_1,147,Object147,2112,432,0,3,0
course/J10_1.bin,J10_1,147,Object147,928,384,0,4,0
course/J10_1.bin,J10_1,0,,0,0,0,0,0
course/J10_1.bin,J10_1,0,,0,0,0,0,0
course/J10_1.bin,J10_1,0,,0,0,0,0,0
course/J10_1.bin,J10_1,0,,0,0,0,0,0
course/J10_1.bin,J10_1,150,Object150,1312,96,0,8464,0
course/J10_1.bin,J10_1,150,Object150,1328,128,0,8464,0
course/J10_1.bin,J10_1,150,Object150,1120,112,0,4368,0
course/J10_1.bin,J10_1,150,Object150,1104,144,0,4368,0
course/J10_1.bin,J10_1,150,Object150,1712,96,0,17,0
course/J10_1.bin,J10_1,150,Object150,1744,96,0,17,0
course/J10_1.bin,J10_1,150,Object150,1776,96,0,17,0
course/J10_1.bin,J10_1,150,Object150,1808,96,0,17,0
